1739638146,deep_40,0,1,0.14780902862548828
1739638151,deep_40,1,1,0.05279994010925293
1739638156,deep_40,2,1,0.05719113349914551
1739638161,deep_40,3,1,0.06238150596618652
1739638166,deep_40,4,1,0.05206799507141113
1739638171,deep_40,5,1,0.06435489654541016
1739638176,shallow_40,6,2,0.09712672233581543
1739638181,shallow_20,0,4,0.09256362915039062
1739638186,shallow_20,1,4,0.053225040435791016
1739638191,shallow_20,2,4,0.060773611068725586
1739638196,shallow_20,3,4,0.05992484092712402
1739638201,shallow_20,4,4,0.058179378509521484
1739638206,shallow_20,5,4,0.06357455253601074
1739638211,shallow_20,6,4,0.054615020751953125
1739638216,shallow_20,7,4,0.06783318519592285
1739638221,shallow_20,8,4,0.07357406616210938
1739638226,shallow_20,9,4,0.05752372741699219
1739638231,shallow_20,10,4,0.07729411125183105
1739638236,shallow_20,11,4,0.0821993350982666
1739638241,shallow_20,12,4,0.06097722053527832
1739638246,shallow_20,13,4,0.07169818878173828
1739638251,shallow_20,14,4,0.06128191947937012
1739638256,shallow_40,7,2,0.07588720321655273
1739638261,shallow_40,8,2,0.06635785102844238
1739638266,shallow_20,15,4,0.07721281051635742
1739638272,deep_20,16,3,0.10890960693359375
1739638277,shallow_40,9,2,0.0713798999786377
1739638282,shallow_40,10,2,0.059534311294555664
1739638287,shallow_40,11,2,0.07785725593566895
1739638292,shallow_40,12,2,0.062499046325683594
1739638297,deep_20,17,3,0.1185617446899414
1739638302,shallow_20,18,4,0.0693962574005127
1739638307,shallow_20,19,4,0.06255936622619629
1739638312,shallow_20,20,4,0.07548260688781738
1739638317,shallow_20,21,4,0.05887603759765625
1739638322,shallow_20,22,4,0.06610989570617676
1739638327,shallow_20,23,4,0.06681656837463379
1739638332,shallow_20,24,4,0.05595207214355469
1739638337,shallow_20,25,4,0.048445940017700195
1739638342,shallow_20,26,4,0.056536197662353516
1739638347,shallow_20,27,4,0.04949522018432617
1739638352,shallow_20,28,4,0.07629919052124023
1739638357,shallow_20,29,4,0.05719780921936035
1739638362,shallow_20,30,4,0.06984615325927734
1739638368,deep_20,31,3,0.11168503761291504
1739638373,deep_20,32,3,0.05939936637878418
1739638378,deep_20,33,3,0.06882381439208984
1739638383,deep_20,34,3,0.05757641792297363
1739638388,deep_20,35,3,0.06537675857543945
1739638393,deep_20,36,3,0.08371710777282715
1739638398,deep_20,37,3,0.05675172805786133
1739638403,deep_20,38,3,0.05607962608337402
1739638408,deep_20,39,3,0.06682729721069336
1739638413,deep_20,40,3,0.05315423011779785
1739638418,deep_20,41,3,0.06069207191467285
1739638423,deep_20,42,3,0.06746077537536621
1739638428,deep_20,43,3,0.07330131530761719
1739638433,deep_40,13,1,0.11966729164123535
1739638438,deep_40,14,1,0.06326031684875488
1739638443,shallow_20,44,4,0.07544898986816406
1739638448,shallow_20,45,4,0.05453658103942871
1739638453,shallow_20,46,4,0.06205248832702637
1739638458,shallow_20,47,4,0.0745086669921875
1739638463,shallow_20,48,4,0.05614066123962402
1739638468,shallow_20,49,4,0.05491948127746582
1739638473,shallow_20,50,4,0.05536508560180664
1739638478,shallow_20,51,4,0.053446054458618164
1739638483,shallow_20,52,4,0.06644415855407715
1739638488,shallow_20,53,4,0.06577181816101074
1739638494,deep_40,15,1,0.11841583251953125
1739638499,deep_40,16,1,0.055883169174194336
1739638504,deep_40,17,1,0.07290387153625488
1739638509,deep_40,18,1,0.06388187408447266
1739638514,deep_40,19,1,0.055481910705566406
1739638519,deep_40,20,1,0.05797266960144043
1739638524,deep_40,21,1,0.06454682350158691
1739638529,deep_40,22,1,0.059156179428100586
1739638534,shallow_40,23,2,0.0762794017791748
1739638539,shallow_40,24,2,0.07171154022216797
1739638544,shallow_40,25,2,0.07343006134033203
1739638549,shallow_40,26,2,0.0569460391998291
1739638554,shallow_40,27,2,0.061539649963378906
1739638559,shallow_40,28,2,0.060929059982299805
1739638564,shallow_40,29,2,0.05704069137573242
1739638569,shallow_40,30,2,0.060469627380371094
1739638574,shallow_40,31,2,0.054078102111816406
1739638579,shallow_40,32,2,0.05731987953186035
1739638584,shallow_40,33,2,0.061974525451660156
1739638589,shallow_40,34,2,0.0648183822631836
1739638594,shallow_40,35,2,0.07270312309265137
1739638599,deep_20,54,3,0.1207113265991211
1739638604,deep_20,55,3,0.05845761299133301
1739638609,deep_20,56,3,0.07398462295532227
1739638615,deep_40,36,1,0.14559268951416016
1739638619,deep_40,37,1,0.05707716941833496
1739638624,deep_40,38,1,0.05715298652648926
1739638630,deep_40,39,1,0.07533383369445801
1739638635,shallow_40,40,2,0.07574295997619629
1739638640,shallow_40,41,2,0.11886763572692871
1739638647,shallow_40,42,2,1.9305930137634277
1739638654,deep_40,43,1,1.4968690872192383
1739638659,deep_40,44,1,1.41825532913208
1739638663,deep_40,45,1,0.3125419616699219
1739638668,deep_40,46,1,0.7332503795623779
1739638673,deep_40,47,1,0.43640780448913574
1739638678,deep_40,48,1,0.10452699661254883
1739638683,deep_40,49,1,0.11658072471618652
1739638689,deep_20,57,3,0.5316872596740723
1739638695,deep_20,58,3,0.8375205993652344
1739638699,deep_20,59,3,0.3566324710845947
1739638705,deep_20,60,3,0.6822729110717773
1739638709,deep_20,61,3,0.2203962802886963
1739638715,deep_20,62,3,0.6193475723266602
1739638720,deep_20,63,3,1.2667536735534668
1739638725,deep_20,64,3,0.49765849113464355
1739638730,deep_20,65,3,0.8183619976043701
1739638735,deep_20,66,3,0.6346795558929443
1739638740,deep_20,67,3,0.8554642200469971
1739638745,deep_20,68,3,0.34851908683776855
1739638749,deep_20,69,3,0.09365987777709961
1739638755,deep_20,70,3,0.8127536773681641
1739638762,deep_40,50,1,0.8980474472045898
1739638766,deep_40,51,1,0.08753156661987305
1739638771,deep_40,52,1,0.09962010383605957
1739638776,deep_20,71,3,0.11938071250915527
1739638781,deep_20,72,3,0.06104588508605957
1739638786,deep_20,73,3,0.058574676513671875
1739638791,deep_20,74,3,0.06879925727844238
1739638796,deep_20,75,3,0.0684351921081543
1739638801,deep_20,76,3,0.06531929969787598
1739638806,deep_20,77,3,0.06255507469177246
1739638811,deep_20,78,3,0.05283212661743164
1739638816,deep_20,79,3,0.05377531051635742
1739638821,shallow_20,80,4,0.07997798919677734
1739638826,shallow_20,81,4,0.05787539482116699
1739638831,shallow_20,82,4,0.051834821701049805
1739638836,shallow_20,83,4,0.06173205375671387
1739638841,shallow_20,84,4,0.06471991539001465
1739638846,shallow_20,85,4,0.06587052345275879
1739638851,shallow_40,53,2,0.07574701309204102
1739638856,shallow_40,54,2,0.06476449966430664
1739638861,shallow_40,55,2,0.09563374519348145
1739638866,shallow_40,56,2,0.09269380569458008
1739638871,shallow_40,57,2,0.10161042213439941
1739638877,shallow_20,86,4,0.1381692886352539
1739638882,shallow_20,87,4,0.09410715103149414
1739638887,shallow_20,88,4,0.09340715408325195
1739638892,shallow_20,89,4,0.08493638038635254
1739638897,shallow_20,90,4,0.09139895439147949
1739638902,shallow_20,91,4,0.07669401168823242
1739638907,shallow_40,58,2,0.1276857852935791
1739638912,shallow_40,59,2,0.08566975593566895
1739638917,shallow_40,60,2,0.07823014259338379
1739638922,shallow_40,61,2,0.1007227897644043
1739638927,shallow_40,62,2,0.08262920379638672
1739638932,shallow_40,63,2,0.09863471984863281
1739638937,shallow_40,64,2,0.07644057273864746
1739638942,shallow_40,65,2,0.07966184616088867
1739638947,shallow_40,66,2,0.09800505638122559
1739638952,shallow_40,67,2,0.10164332389831543
1739638957,shallow_40,68,2,0.08823156356811523
1739638962,shallow_40,69,2,0.09404873847961426
1739638967,shallow_40,70,2,0.08990478515625
1739638972,shallow_40,71,2,0.07035303115844727
1739638977,shallow_40,72,2,0.07323479652404785
1739638982,shallow_40,73,2,0.0783536434173584
1739638987,shallow_40,74,2,0.07931923866271973
1739638992,shallow_40,75,2,0.0878758430480957
1739638997,shallow_40,76,2,0.07872891426086426
1739639002,shallow_40,77,2,0.0907599925994873
1739639007,shallow_40,78,2,0.06530523300170898
1739639012,shallow_40,79,2,0.07397317886352539
1739639017,deep_20,92,3,0.14853572845458984
1739639022,deep_20,93,3,0.09761238098144531
1739639027,deep_20,94,3,0.07770180702209473
1739639032,deep_20,95,3,0.09361982345581055
1739639037,deep_20,96,3,0.06878495216369629
1739639043,shallow_40,80,2,0.12846159934997559
1739639048,shallow_40,81,2,0.0740058422088623
1739639053,shallow_40,82,2,0.07483386993408203
1739639058,shallow_40,83,2,0.08195710182189941
1739639063,shallow_40,84,2,0.09465765953063965
1739639068,shallow_40,85,2,0.07075214385986328
1739639073,shallow_40,86,2,0.0777134895324707
1739639078,deep_20,97,3,0.16723418235778809
1739639083,deep_20,98,3,0.07278037071228027
1739639088,deep_20,99,3,0.07313323020935059
1739639093,shallow_20,100,4,0.09597563743591309
1739639098,shallow_20,101,4,0.061634063720703125
1739639103,shallow_20,102,4,0.07675766944885254
1739639108,deep_40,87,1,0.1295943260192871
1739639113,deep_40,88,1,0.07423067092895508
1739639118,deep_40,89,1,0.08467578887939453
1739639123,deep_40,90,1,0.07593774795532227
1739639128,deep_40,91,1,0.07575583457946777
1739639134,deep_40,92,1,0.0705118179321289
1739639139,deep_40,93,1,0.07099485397338867
1739639144,deep_40,94,1,0.08081197738647461
1739639149,deep_40,95,1,0.10127997398376465
1739639154,deep_40,96,1,0.09768486022949219
1739639159,deep_40,97,1,0.07368874549865723
1739639164,deep_40,98,1,0.08964729309082031
1739639169,deep_40,99,1,0.09075808525085449
1739639174,deep_40,100,1,0.07669425010681152
1739639179,deep_40,101,1,0.10963249206542969
1739639184,shallow_20,103,4,0.1206669807434082
1739639189,shallow_20,104,4,0.07604122161865234
1739639194,shallow_20,105,4,0.09363412857055664
1739639199,deep_40,102,1,0.18536663055419922
1739639204,deep_20,106,3,0.11960935592651367
1739639210,deep_40,103,1,0.11858654022216797
1739639215,shallow_40,104,2,0.13060688972473145
1739639220,shallow_40,105,2,0.07474231719970703
1739639225,shallow_40,106,2,0.08617568016052246
1739639230,shallow_40,107,2,0.0986933708190918
1739639235,shallow_40,108,2,0.09398937225341797
1739639240,shallow_40,109,2,0.06832313537597656
1739639245,shallow_40,110,2,0.0756831169128418
1739639250,shallow_20,107,4,0.09804129600524902
1739639255,shallow_20,108,4,0.08971810340881348
1739639260,shallow_20,109,4,0.10264134407043457
1739639265,shallow_20,110,4,0.06677770614624023
1739639270,shallow_20,111,4,0.06673622131347656
1739639275,shallow_20,112,4,0.07372927665710449
1739639280,shallow_20,113,4,0.07304883003234863
1739639285,shallow_20,114,4,0.0956876277923584
1739639291,deep_40,111,1,0.1715996265411377
1739639295,deep_40,112,1,0.09565067291259766
1739639300,deep_40,113,1,0.07387208938598633
1739639306,deep_40,114,1,0.10202240943908691
1739639311,deep_40,115,1,0.08275008201599121
1739639316,deep_40,116,1,0.08863139152526855
1739639321,deep_40,117,1,0.0745992660522461
1739639326,deep_40,118,1,0.08864760398864746
1739639331,deep_40,119,1,0.08266353607177734
1739639336,deep_40,120,1,0.07768082618713379
1739639341,deep_40,121,1,0.07567763328552246
1739639346,deep_40,122,1,0.07854318618774414
1739639351,deep_40,123,1,0.1016092300415039
1739639356,deep_40,124,1,0.0764608383178711
1739639361,deep_20,115,3,0.14760851860046387
1739639366,deep_20,116,3,0.05629682540893555
1739639371,deep_20,117,3,0.06280946731567383
1739639376,deep_20,118,3,0.06801128387451172
1739639381,deep_20,119,3,0.06205153465270996
1739639386,deep_20,120,3,0.05112481117248535
1739639391,deep_20,121,3,0.07081413269042969
1739639396,deep_20,122,3,0.05641579627990723
1739639401,deep_20,123,3,0.05874347686767578
1739639406,deep_20,124,3,0.05981278419494629
1739639411,deep_20,125,3,0.06987571716308594
1739639416,shallow_20,126,4,0.08826565742492676
1739639421,shallow_20,127,4,0.07369279861450195
1739639426,shallow_20,128,4,0.06783032417297363
1739639431,shallow_20,129,4,0.05971956253051758
1739639436,shallow_20,130,4,0.06073427200317383
1739639441,shallow_20,131,4,0.057808876037597656
1739639446,shallow_20,132,4,0.06668615341186523
1739639451,shallow_20,133,4,0.06579136848449707
1739639456,shallow_20,134,4,0.05880308151245117
1739639461,shallow_20,135,4,0.062020063400268555
1739639466,shallow_20,136,4,0.06442952156066895
1739639471,shallow_20,137,4,0.0627295970916748
1739639476,shallow_20,138,4,0.10386443138122559
1739639481,shallow_20,139,4,0.07897830009460449
1739639487,shallow_20,140,4,0.09146785736083984
1739639492,shallow_20,141,4,0.10095691680908203
1739639497,shallow_20,142,4,0.08030509948730469
1739639502,shallow_20,143,4,0.0758202075958252
1739639507,shallow_20,144,4,0.06900238990783691
1739639512,shallow_20,145,4,0.09560871124267578
1739639517,shallow_20,146,4,0.05547618865966797
1739639522,shallow_20,147,4,0.07841634750366211
1739639527,shallow_40,125,2,0.13263416290283203
1739639532,shallow_40,126,2,0.07767963409423828
1739639537,shallow_40,127,2,0.05339360237121582
1739639542,shallow_40,128,2,0.07767629623413086
1739639547,shallow_20,148,4,0.10374784469604492
1739639552,shallow_20,149,4,0.0800316333770752
1739639557,shallow_20,150,4,0.08168911933898926
1739639562,shallow_20,151,4,0.09789276123046875
1739639567,shallow_20,152,4,0.09588098526000977
1739639572,shallow_20,153,4,0.09545731544494629
1739639577,shallow_20,154,4,0.0630805492401123
1739639582,shallow_20,155,4,0.08994579315185547
1739639587,shallow_20,156,4,0.07232189178466797
1739639592,shallow_20,157,4,0.07665324211120605
1739639597,deep_40,129,1,0.14354419708251953
1739639602,deep_40,130,1,0.09369540214538574
1739639607,deep_40,131,1,0.07470989227294922
1739639612,deep_40,132,1,0.07868504524230957
1739639618,shallow_40,133,2,0.08508992195129395
1739639623,shallow_20,158,4,0.1275942325592041
1739639628,shallow_20,159,4,0.06186246871948242
1739639633,shallow_20,160,4,0.07775139808654785
1739639638,shallow_20,161,4,0.07370114326477051
1739639643,shallow_20,162,4,0.10517096519470215
1739639648,deep_40,134,1,0.16794610023498535
1739639653,deep_40,135,1,0.10216975212097168
1739639658,deep_40,136,1,0.07775998115539551
1739639663,deep_40,137,1,0.057837724685668945
1739639668,deep_40,138,1,0.08799481391906738
1739639673,deep_40,139,1,0.07797455787658691
1739639678,deep_40,140,1,0.07375860214233398
1739639683,deep_40,141,1,0.07371139526367188
1739639688,deep_40,142,1,0.10070037841796875
1739639693,deep_40,143,1,0.07174873352050781
1739639698,deep_40,144,1,0.06981897354125977
1739639703,deep_40,145,1,0.07270479202270508
1739639708,deep_40,146,1,0.06278753280639648
1739639713,deep_40,147,1,0.08870196342468262
1739639718,shallow_40,148,2,0.11862635612487793
1739639723,shallow_40,149,2,0.08067560195922852
1739639729,deep_20,163,3,0.14371609687805176
1739639734,deep_20,164,3,0.09349226951599121
1739639739,deep_20,165,3,0.10160970687866211
1739639744,deep_20,166,3,0.09269857406616211
1739639749,deep_20,167,3,0.07169055938720703
1739639754,deep_20,168,3,0.07969307899475098
1739639759,deep_20,169,3,0.07477498054504395
1739639764,deep_20,170,3,0.07673406600952148
1739639769,deep_20,171,3,0.0926368236541748
1739639774,deep_20,172,3,0.10756778717041016
1739639779,deep_20,173,3,0.06578564643859863
1739639784,deep_20,174,3,0.08283281326293945
1739639789,deep_20,175,3,0.1091606616973877
1739639794,deep_20,176,3,0.0987234115600586
1739639799,deep_20,177,3,0.09070491790771484
1739639804,deep_20,178,3,0.06914067268371582
1739639809,deep_20,179,3,0.08517289161682129
1739639814,deep_20,180,3,0.08109092712402344
1739639819,deep_20,181,3,0.04976320266723633
1739639824,deep_20,182,3,0.07172536849975586
1739639829,deep_20,183,3,0.11341595649719238
1739639834,deep_20,184,3,0.07889318466186523
1739639839,deep_20,185,3,0.08294177055358887
1739639844,deep_20,186,3,0.06378459930419922
1739639849,deep_20,187,3,0.05962395668029785
1739639854,deep_20,188,3,0.07372260093688965
1739639859,deep_20,189,3,0.07575297355651855
1739639864,deep_20,190,3,0.10723233222961426
1739639869,deep_20,191,3,0.09533500671386719
1739639874,deep_20,192,3,0.07489609718322754
1739639879,shallow_40,150,2,0.12255454063415527
1739639884,shallow_40,151,2,0.0706946849822998
1739639889,shallow_40,152,2,0.09557223320007324
1739639894,shallow_40,153,2,0.08271074295043945
1739639899,shallow_40,154,2,0.10165858268737793
1739639904,shallow_40,155,2,0.06279563903808594
1739639909,deep_40,156,1,0.11706018447875977
1739639914,deep_40,157,1,0.046773672103881836
1739639919,deep_40,158,1,0.061858177185058594
1739639925,deep_40,159,1,0.05367612838745117
1739639930,deep_20,193,3,0.12318611145019531
1739639935,deep_20,194,3,0.06074810028076172
1739639940,deep_20,195,3,0.04778242111206055
1739639945,deep_20,196,3,0.054780006408691406
1739639950,deep_20,197,3,0.06472301483154297
1739639955,deep_40,160,1,0.12990999221801758
1739639960,deep_40,161,1,0.0627286434173584
1739639965,shallow_20,198,4,0.19524264335632324
1739639970,shallow_20,199,4,0.05581068992614746
1739639975,shallow_20,200,4,0.06374025344848633
1739639980,shallow_20,201,4,0.05682373046875
1739639985,deep_20,202,3,0.10666441917419434
1739639990,deep_20,203,3,0.06571054458618164
1739639995,deep_20,204,3,0.06339454650878906
1739640001,deep_40,162,1,0.11028933525085449
1739640006,shallow_40,163,2,0.09075522422790527
1739640011,shallow_40,164,2,0.06081080436706543
1739640016,deep_40,165,1,0.11756634712219238
1739640021,deep_40,166,1,0.06472134590148926
1739640026,shallow_40,167,2,0.09241819381713867
1739640031,shallow_40,168,2,0.05980348587036133
1739640036,shallow_40,169,2,0.05481433868408203
1739640041,shallow_40,170,2,0.0817265510559082
1739640046,shallow_40,171,2,0.05673813819885254
1739640051,shallow_40,172,2,0.0653073787689209
1739640056,shallow_40,173,2,0.07175302505493164
1739640061,shallow_40,174,2,0.06273436546325684
1739640066,shallow_40,175,2,0.056748151779174805
1739640071,shallow_40,176,2,0.05945777893066406
1739640076,shallow_40,177,2,0.058851003646850586
1739640081,shallow_40,178,2,0.07610130310058594
1739640086,deep_40,179,1,0.12279510498046875
1739640091,shallow_20,205,4,0.09713411331176758
1739640096,shallow_20,206,4,0.05980110168457031
1739640101,shallow_20,207,4,0.06472611427307129
1739640106,shallow_20,208,4,0.05480504035949707
1739640111,shallow_20,209,4,0.0647742748260498
1739640116,shallow_20,210,4,0.06271862983703613
1739640121,shallow_20,211,4,0.07379651069641113
1739640126,shallow_20,212,4,0.08961200714111328
1739640131,shallow_20,213,4,0.05679202079772949
1739640136,shallow_20,214,4,0.07421278953552246
1739640142,deep_40,180,1,0.11742067337036133
1739640147,deep_40,181,1,0.050853729248046875
1739640152,shallow_20,215,4,0.09264159202575684
1739640157,shallow_20,216,4,0.06447529792785645
1739640162,shallow_20,217,4,0.05210518836975098
1739640167,shallow_20,218,4,0.06381893157958984
1739640172,shallow_20,219,4,0.05765676498413086
1739640177,deep_20,220,3,0.1128993034362793
1739640182,deep_20,221,3,0.060793161392211914
1739640187,deep_20,222,3,0.08672738075256348
1739640192,deep_20,223,3,0.0994725227355957
1739640197,deep_20,224,3,0.0937657356262207
1739640202,deep_20,225,3,0.08871698379516602
1739640207,shallow_20,226,4,0.10793685913085938
1739640212,shallow_20,227,4,0.09424257278442383
1739640217,shallow_20,228,4,0.07370758056640625
1739640222,shallow_20,229,4,0.07768487930297852
1739640227,shallow_20,230,4,0.09038019180297852
1739640232,shallow_20,231,4,0.07555198669433594
1739640237,shallow_20,232,4,0.09128451347351074
1739640242,deep_20,233,3,0.15355777740478516
1739640247,deep_20,234,3,0.07576799392700195
1739640252,deep_20,235,3,0.09163451194763184
1739640257,deep_20,236,3,0.07398104667663574
1739640262,deep_20,237,3,0.0637655258178711
1739640267,deep_20,238,3,0.08878731727600098
1739640272,deep_20,239,3,0.06778335571289062
1739640277,deep_20,240,3,0.07017087936401367
1739640283,deep_20,241,3,0.07701253890991211
1739640288,shallow_40,182,2,0.13355398178100586
1739640293,shallow_40,183,2,0.09660553932189941
1739640298,shallow_40,184,2,0.09171652793884277
1739640303,shallow_40,185,2,0.08267998695373535
1739640308,shallow_40,186,2,0.06585478782653809
1739640313,shallow_40,187,2,0.11160016059875488
1739640318,shallow_40,188,2,0.06372523307800293
1739640323,shallow_40,189,2,0.07769393920898438
1739640328,deep_40,190,1,0.14353609085083008
1739640333,deep_40,191,1,0.08448290824890137
1739640338,deep_40,192,1,0.07664251327514648
1739640343,deep_20,242,3,0.1293189525604248
1739640348,deep_20,243,3,0.08665990829467773
1739640353,deep_20,244,3,0.087738037109375
1739640358,shallow_40,193,2,0.09174656867980957
1739640363,shallow_20,245,4,0.10242342948913574
1739640368,shallow_20,246,4,0.07572746276855469
1739640373,shallow_20,247,4,0.0733335018157959
1739640379,shallow_40,194,2,0.13257169723510742
1739640384,shallow_40,195,2,0.061310768127441406
1739640389,shallow_40,196,2,0.09761333465576172
1739640394,shallow_40,197,2,0.10262775421142578
1739640399,shallow_40,198,2,0.10160589218139648
1739640404,shallow_40,199,2,0.05367779731750488
1739640409,shallow_40,200,2,0.07973337173461914
1739640414,shallow_40,201,2,0.06674647331237793
1739640419,deep_20,248,3,0.1328585147857666
1739640424,deep_40,202,1,0.16358518600463867
1739640429,deep_40,203,1,0.10266923904418945
1739640434,deep_40,204,1,0.10040163993835449
1739640439,deep_40,205,1,0.09849309921264648
1739640444,deep_40,206,1,0.08671021461486816
1739640449,shallow_40,207,2,0.1433117389678955
1739640454,shallow_40,208,2,0.08476805686950684
1739640459,shallow_40,209,2,0.0856485366821289
1739640464,shallow_20,249,4,0.1445598602294922
1739640469,shallow_20,250,4,0.10060286521911621
1739640474,shallow_20,251,4,0.0986628532409668
1739640479,shallow_20,252,4,0.0916445255279541
1739640485,shallow_20,253,4,0.10048699378967285
1739640490,shallow_20,254,4,0.08551836013793945
1739640495,shallow_20,255,4,0.07759213447570801
1739640500,deep_40,210,1,0.1325702667236328
1739640505,deep_40,211,1,0.0945887565612793
1739640510,deep_40,212,1,0.10259199142456055
1739640515,deep_40,213,1,0.2750403881072998
1739640520,deep_40,214,1,0.07773423194885254
1739640525,deep_40,215,1,0.07866597175598145
1739640530,deep_40,216,1,0.08089351654052734
1739640535,deep_40,217,1,0.07479143142700195
1739640540,deep_40,218,1,0.09866857528686523
1739640545,deep_20,256,3,0.12821054458618164
1739640550,deep_20,257,3,0.0727081298828125
1739640555,shallow_20,258,4,0.08978772163391113
1739640560,shallow_20,259,4,0.09959864616394043
1739640565,shallow_20,260,4,0.09462094306945801
1739640570,shallow_20,261,4,0.08966946601867676
1739640575,shallow_20,262,4,0.07480096817016602
1739640580,shallow_20,263,4,0.07773089408874512
1739640585,shallow_20,264,4,0.07373404502868652
1739640590,shallow_20,265,4,0.08970022201538086
1739640595,shallow_20,266,4,0.08865809440612793
1739640600,shallow_20,267,4,0.1065976619720459
1739640606,deep_40,219,1,0.11057066917419434
1739640611,deep_40,220,1,0.10466766357421875
1739640616,deep_40,221,1,0.06708121299743652
1739640621,shallow_20,268,4,0.10458612442016602
1739640626,shallow_20,269,4,0.09175705909729004
1739640631,shallow_20,270,4,0.0837867259979248
1739640636,shallow_20,271,4,0.09960508346557617
1739640641,shallow_20,272,4,0.09667563438415527
1739640646,shallow_20,273,4,0.07675051689147949
1739640651,shallow_20,274,4,0.09268712997436523
1739640656,shallow_20,275,4,0.08669209480285645
1739640662,shallow_20,276,4,0.09197020530700684
1739640667,shallow_20,277,4,0.09315371513366699
1739640672,shallow_20,278,4,0.08351016044616699
1739640677,shallow_20,279,4,0.0965280532836914
1739640682,shallow_20,280,4,0.08710861206054688
1739640687,shallow_20,281,4,0.07498884201049805
1739640692,shallow_20,282,4,0.07702159881591797
1739640697,shallow_20,283,4,0.0785210132598877
1739640702,shallow_20,284,4,0.08372640609741211
1739640707,shallow_20,285,4,0.09273409843444824
1739640712,shallow_20,286,4,0.0791463851928711
1739640717,shallow_20,287,4,0.08307981491088867
1739640722,shallow_20,288,4,0.08269333839416504
1739640727,shallow_20,289,4,0.10396432876586914
1739640732,shallow_20,290,4,0.07237386703491211
1739640737,shallow_20,291,4,0.0890805721282959
1739640742,shallow_20,292,4,0.09273242950439453
1739640747,shallow_20,293,4,0.11082053184509277
1739640752,shallow_20,294,4,0.08570408821105957
1739640757,shallow_20,295,4,0.10077047348022461
1739640762,deep_40,222,1,0.12957358360290527
1739640767,deep_40,223,1,0.08701109886169434
1739640772,deep_40,224,1,0.0956277847290039
1739640777,deep_40,225,1,0.07888650894165039
1739640782,deep_40,226,1,0.07673025131225586
1739640787,deep_40,227,1,0.08569669723510742
1739640792,deep_40,228,1,0.08665347099304199
1739640797,deep_40,229,1,0.07072639465332031
1739640802,deep_40,230,1,0.0775454044342041
1739640807,deep_40,231,1,0.07143521308898926
1739640812,deep_40,232,1,0.08050346374511719
1739640817,deep_40,233,1,0.07789945602416992
1739640822,deep_40,234,1,0.10457420349121094
1739640827,deep_40,235,1,0.09070873260498047
1739640832,deep_40,236,1,0.0887594223022461
1739640837,deep_40,237,1,0.08073663711547852
1739640842,deep_40,238,1,0.08065938949584961
1739640847,deep_40,239,1,0.09962868690490723
1739640852,deep_40,240,1,0.07767701148986816
1739640857,deep_40,241,1,0.06692194938659668
1739640862,deep_40,242,1,0.07168316841125488
1739640867,deep_40,243,1,0.08159017562866211
1739640873,deep_40,244,1,0.10401034355163574
1739640878,deep_40,245,1,0.0731804370880127
1739640883,deep_40,246,1,0.10153937339782715
1739640888,shallow_40,247,2,0.10635161399841309
1739640893,shallow_40,248,2,0.0737142562866211
1739640898,shallow_20,296,4,0.13432884216308594
1739640903,shallow_20,297,4,0.0726935863494873
1739640908,shallow_20,298,4,0.10259604454040527
1739640913,shallow_20,299,4,0.09063076972961426
1739640918,shallow_20,300,4,0.10133028030395508
1739640923,shallow_20,301,4,0.07696056365966797
1739640928,shallow_20,302,4,0.10564279556274414
1739640933,shallow_40,249,2,0.1495344638824463
1739640938,shallow_40,250,2,0.1015937328338623
1739640943,shallow_40,251,2,0.07368826866149902
1739640948,shallow_40,252,2,0.07070803642272949
1739640952,deep_40,0,1,0.157426118850708
1739640953,shallow_20,303,4,0.08672094345092773
1739640957,deep_40,1,1,0.0767216682434082
1739640958,shallow_20,304,4,0.10063004493713379
1739640962,deep_40,2,1,0.08568096160888672
1739640963,shallow_20,305,4,0.09295964241027832
1739640968,shallow_20,306,4,0.07967567443847656
1739640973,shallow_20,307,4,0.07356953620910645
1739640978,shallow_20,308,4,0.08969688415527344
1739640983,shallow_20,309,4,0.08499526977539062
1739640988,shallow_20,310,4,0.07060742378234863
1739640993,shallow_20,311,4,0.0687713623046875
1739640998,shallow_20,312,4,0.06079697608947754
1739641003,shallow_40,253,2,0.10094022750854492
1739641008,shallow_40,254,2,0.07467246055603027
1739641013,shallow_40,255,2,0.07969403266906738
1739641018,shallow_20,313,4,0.0936732292175293
1739641023,shallow_20,314,4,0.07185530662536621
1739641028,shallow_20,315,4,0.09764552116394043
1739641033,shallow_20,316,4,0.08676767349243164
1739641038,shallow_20,317,4,0.07174825668334961
1739641044,shallow_20,318,4,0.09376215934753418
1739641049,shallow_20,319,4,0.0740058422088623
1739641054,shallow_20,320,4,0.07554507255554199
1739641059,shallow_20,321,4,0.07690596580505371
1739641064,shallow_20,322,4,0.05619645118713379
1739641069,shallow_20,323,4,0.09367895126342773
1739641074,shallow_20,324,4,0.10271382331848145
1739641079,shallow_20,325,4,0.0996866226196289
1739641084,shallow_20,326,4,0.08565473556518555
1739641089,shallow_20,327,4,0.06983757019042969
1739641094,shallow_20,328,4,0.09277009963989258
1739641099,shallow_20,329,4,0.09666752815246582
1739641104,shallow_20,330,4,0.06745409965515137
1739641109,shallow_20,331,4,0.08364748954772949
1739641114,deep_20,332,3,0.15749096870422363
1739641119,deep_20,333,3,0.08870887756347656
1739641124,deep_20,334,3,0.08871221542358398
1739641129,deep_40,256,1,0.1388545036315918
1739641134,shallow_40,257,2,0.13411378860473633
1739641139,shallow_40,258,2,0.07374954223632812
1739641144,shallow_40,259,2,0.08068442344665527
1739641149,shallow_40,260,2,0.07370424270629883
1739641154,shallow_40,261,2,0.0717775821685791
1739641159,shallow_40,262,2,0.0777137279510498
1739641165,deep_20,335,3,0.18915247917175293
1739641170,shallow_20,336,4,0.08662939071655273
1739641175,shallow_20,337,4,0.07381534576416016
1739641180,shallow_20,338,4,0.06074166297912598
1739641185,deep_40,263,1,0.14957237243652344
1739641190,deep_40,264,1,0.07289004325866699
1739641195,deep_40,265,1,0.06716370582580566
1739641200,deep_40,266,1,0.08255839347839355
1739641205,deep_20,339,3,0.11911153793334961
1739641210,deep_20,340,3,0.09927582740783691
1739641215,deep_20,341,3,0.07685208320617676
1739641220,shallow_40,267,2,0.11395573616027832
1739641225,shallow_40,268,2,0.08386564254760742
1739641230,shallow_40,269,2,0.057592153549194336
1739641235,shallow_40,270,2,0.06480145454406738
1739641240,shallow_20,342,4,0.09469318389892578
1739641245,shallow_20,343,4,0.07874798774719238
1739641250,shallow_20,344,4,0.06431126594543457
1739641256,deep_20,345,3,0.13559412956237793
1739641261,deep_20,346,3,0.04660344123840332
1739641266,deep_20,347,3,0.05911684036254883
1739641271,deep_20,348,3,0.0759577751159668
1739641276,deep_20,349,3,0.05694985389709473
1739641281,deep_20,350,3,0.06871509552001953
1739641286,shallow_20,351,4,0.10849165916442871
1739641291,shallow_20,352,4,0.06565308570861816
1739641296,shallow_20,353,4,0.06775474548339844
1739641301,shallow_40,271,2,0.08910655975341797
1739641306,shallow_40,272,2,0.060915470123291016
1739641311,shallow_40,273,2,0.04841256141662598
1739641316,shallow_40,274,2,0.04862093925476074
1739641321,shallow_40,275,2,0.06395506858825684
1739641326,shallow_40,276,2,0.06167483329772949
1739641331,shallow_40,277,2,0.0603182315826416
1739641336,shallow_20,354,4,0.09748029708862305
1739641341,shallow_20,355,4,0.05563545227050781
1739641346,shallow_20,356,4,0.05777382850646973
1739641351,shallow_20,357,4,0.06305742263793945
1739641356,deep_40,278,1,0.13183379173278809
1739641361,deep_40,279,1,0.07390427589416504
1739641367,shallow_20,358,4,0.0832064151763916
1739641372,shallow_20,359,4,0.05875253677368164
1739641377,shallow_20,360,4,0.06255817413330078
1739641382,shallow_20,361,4,0.060321807861328125
1739641387,shallow_20,362,4,0.07047843933105469
1739641392,shallow_20,363,4,0.06183171272277832
1739641397,shallow_20,364,4,0.06292533874511719
1739641402,shallow_20,365,4,0.07119297981262207
1739641407,shallow_20,366,4,0.06729507446289062
1739641412,shallow_20,367,4,0.05481386184692383
1739641417,shallow_20,368,4,0.06235527992248535
1739641422,shallow_20,369,4,0.06578564643859863
1739641427,shallow_20,370,4,0.11781740188598633
1739641432,shallow_20,371,4,0.0856778621673584
1739641437,shallow_20,372,4,0.08201026916503906
1739641442,shallow_20,373,4,0.054221153259277344
1739641447,shallow_40,280,2,0.08825492858886719
1739641452,shallow_40,281,2,0.05860018730163574
1739641457,shallow_40,282,2,0.05477595329284668
1739641462,shallow_40,283,2,0.06307148933410645
1739641467,shallow_40,284,2,0.05967998504638672
1739641472,shallow_40,285,2,0.059446096420288086
1739641477,shallow_40,286,2,0.05139493942260742
1739641482,shallow_40,287,2,0.06464624404907227
1739641487,shallow_40,288,2,0.0587007999420166
1739641492,shallow_40,289,2,0.0647737979888916
1739641497,shallow_40,290,2,0.0629889965057373
1739641502,shallow_40,291,2,0.07729911804199219
1739641507,shallow_20,374,4,0.07052850723266602
1739641513,deep_20,375,3,0.13133645057678223
1739641518,deep_40,292,1,0.14220476150512695
1739641523,deep_40,293,1,0.06577610969543457
1739641528,deep_40,294,1,0.05272173881530762
1739641533,deep_40,295,1,0.0785515308380127
1739641538,deep_40,296,1,0.05733895301818848
1739641543,deep_40,297,1,0.06369400024414062
1739641548,deep_40,298,1,0.06628680229187012
1739641553,deep_40,299,1,0.0706331729888916
1739641558,deep_40,300,1,0.05964183807373047
1739641563,deep_40,301,1,0.05281400680541992
1739641568,deep_40,302,1,0.06764459609985352
1739641573,deep_20,376,3,0.14001727104187012
1739641578,deep_20,377,3,0.0685417652130127
1739641583,deep_20,378,3,0.056215763092041016
1739641588,deep_20,379,3,0.061748504638671875
1739641593,deep_20,380,3,0.07325553894042969
1739641598,deep_20,381,3,0.05886197090148926
1739641603,deep_20,382,3,0.07622385025024414
1739641608,shallow_40,303,2,0.08714580535888672
1739641613,shallow_40,304,2,0.07261967658996582
1739641618,shallow_40,305,2,0.09330439567565918
1739641623,shallow_40,306,2,0.08135032653808594
1739641628,shallow_40,307,2,0.0908968448638916
1739641633,shallow_40,308,2,0.07752633094787598
1739641638,shallow_40,309,2,0.0762021541595459
1739641644,shallow_20,383,4,0.1466069221496582
1739641648,shallow_20,384,4,0.06275653839111328
1739641654,deep_40,310,1,0.19735288619995117
1739641659,deep_40,311,1,0.1093587875366211
1739641664,deep_40,312,1,0.09167933464050293
1739641669,deep_40,313,1,0.10667133331298828
1739641674,deep_40,314,1,0.08596253395080566
1739641679,shallow_20,385,4,0.1455233097076416
1739641684,shallow_20,386,4,0.08765125274658203
1739641689,deep_40,315,1,0.16191768646240234
1739641694,deep_40,316,1,0.0907599925994873
1739641699,deep_40,317,1,0.07874011993408203
1739641704,shallow_40,318,2,0.11904525756835938
1739641709,shallow_20,387,4,0.12314558029174805
1739641714,shallow_20,388,4,0.11677336692810059
1739641719,shallow_20,389,4,0.08381342887878418
1739641724,shallow_20,390,4,0.06777405738830566
1739641730,deep_20,391,3,0.16093111038208008
1739641735,shallow_40,319,2,0.09767818450927734
1739641740,shallow_40,320,2,0.08535265922546387
1739641745,shallow_20,392,4,0.09668326377868652
1739641750,shallow_20,393,4,0.07771992683410645
1739641755,shallow_20,394,4,0.09761786460876465
1739641760,deep_40,321,1,0.13349246978759766
1739641765,deep_40,322,1,0.05524706840515137
1739641770,deep_20,395,3,0.1574420928955078
1739641775,deep_20,396,3,0.09966063499450684
1739641781,shallow_40,323,2,0.10927271842956543
1739641786,deep_20,397,3,0.15548992156982422
1739641791,deep_20,398,3,0.07168912887573242
1739641796,deep_20,399,3,0.10864377021789551
1739641801,deep_20,400,3,0.04887676239013672
1739641806,shallow_20,401,4,0.09818005561828613
1739641811,shallow_20,402,4,0.06279516220092773
1739641816,shallow_20,403,4,0.05984759330749512
1739641821,shallow_20,404,4,0.08204054832458496
1739641826,shallow_20,405,4,0.07378149032592773
1739641831,shallow_20,406,4,0.09007120132446289
1739641836,shallow_20,407,4,0.0747535228729248
1739641841,shallow_40,324,2,0.10963845252990723
1739641846,shallow_40,325,2,0.05084228515625
1739641851,shallow_40,326,2,0.06977963447570801
1739641856,shallow_40,327,2,0.0677187442779541
1739641861,shallow_40,328,2,0.05282878875732422
1739641866,deep_40,329,1,0.15405058860778809
1739641871,deep_40,330,1,0.06977105140686035
1739641876,deep_40,331,1,0.07077789306640625
1739641881,deep_40,332,1,0.0670766830444336
1739641886,deep_40,333,1,0.04785418510437012
1739641891,deep_40,334,1,0.06374549865722656
1739641897,deep_20,408,3,0.12669062614440918
1739641902,deep_20,409,3,0.07625365257263184
1739641907,deep_20,410,3,0.07822203636169434
1739641912,deep_20,411,3,0.05581951141357422
1739641917,deep_20,412,3,0.06975769996643066
1739641922,deep_20,413,3,0.08472585678100586
1739641927,deep_20,414,3,0.09171462059020996
1739641932,deep_20,415,3,0.05382370948791504
1739641937,deep_20,416,3,0.05784940719604492
1739641942,deep_20,417,3,0.06478381156921387
1739641947,deep_20,418,3,0.08627891540527344
1739641952,deep_20,419,3,0.07968521118164062
1739641957,deep_20,420,3,0.0637357234954834
1739641962,deep_20,421,3,0.06773614883422852
1739641967,deep_20,422,3,0.07036328315734863
1739641972,deep_20,423,3,0.08272695541381836
1739641977,deep_20,424,3,0.07270646095275879
1739641982,deep_20,425,3,0.07970356941223145
1739641987,deep_20,426,3,0.0667257308959961
1739641992,deep_20,427,3,0.054781436920166016
1739641997,shallow_20,428,4,0.11966729164123535
1739642002,shallow_20,429,4,0.0827169418334961
1739642011,shallow_20,430,4,0.07973527908325195
1739642016,shallow_20,431,4,0.09461236000061035
1739642021,shallow_20,432,4,0.286113977432251
1739642026,shallow_20,433,4,0.0956876277923584
1739642031,shallow_20,434,4,0.07668328285217285
1739642036,shallow_20,435,4,0.10358691215515137
1739642041,shallow_20,436,4,0.06674051284790039
1739642046,deep_40,335,1,0.22132539749145508
1739642051,deep_20,437,3,0.16716527938842773
1739642056,deep_20,438,3,0.10278129577636719
1739642061,deep_20,439,3,0.09960603713989258
1739642066,deep_20,440,3,0.0876924991607666
1739642072,deep_20,441,3,0.09994387626647949
1739642077,shallow_20,442,4,0.14536166191101074
1739642082,shallow_20,443,4,0.08963704109191895
1739642087,shallow_20,444,4,0.10124707221984863
1739642092,shallow_20,445,4,0.10264134407043457
1739642097,shallow_20,446,4,0.10332942008972168
1739642102,shallow_20,447,4,0.1016077995300293
1739642107,shallow_20,448,4,0.10110068321228027
1739642112,shallow_20,449,4,0.06770682334899902
1739642117,shallow_20,450,4,0.07818174362182617
1739642122,shallow_20,451,4,0.10762548446655273
1739642127,shallow_20,452,4,0.08321404457092285
1739642132,shallow_20,453,4,0.08104586601257324
1739642137,shallow_20,454,4,0.11538267135620117
1739642142,shallow_20,455,4,0.05377960205078125
1739642147,shallow_20,456,4,0.061431884765625
1739642152,deep_40,336,1,0.12228250503540039
1739642157,deep_40,337,1,0.06080174446105957
1739642162,deep_40,338,1,0.05979609489440918
1739642167,deep_20,457,3,0.13115191459655762
1739642172,shallow_40,339,2,0.0707852840423584
1739642177,shallow_40,340,2,0.06181073188781738
1739642182,shallow_40,341,2,0.06275629997253418
1739642187,deep_40,342,1,0.11939883232116699
1739642192,deep_40,343,1,0.04682016372680664
1739642197,shallow_20,458,4,0.0765376091003418
1739642203,shallow_40,344,2,0.0817861557006836
1739642208,shallow_40,345,2,0.07208037376403809
1739642213,shallow_40,346,2,0.04679679870605469
1739642218,shallow_40,347,2,0.0686948299407959
1739642223,shallow_40,348,2,0.05977797508239746
1739642228,shallow_40,349,2,0.05579376220703125
1739642233,shallow_40,350,2,0.059732913970947266
1739642238,shallow_40,351,2,0.05076026916503906
1739642243,shallow_40,352,2,0.05625009536743164
1739642248,shallow_40,353,2,0.05781817436218262
1739642253,shallow_40,354,2,0.05275297164916992
1739642258,shallow_40,355,2,0.05678868293762207
1739642263,shallow_40,356,2,0.058770179748535156
1739642268,shallow_40,357,2,0.06447577476501465
1739642273,deep_20,459,3,0.12491846084594727
1739642278,deep_20,460,3,0.05682682991027832
1739642283,deep_20,461,3,0.06771302223205566
1739642288,deep_20,462,3,0.05366635322570801
1739642293,shallow_40,358,2,0.0766911506652832
1739642298,shallow_40,359,2,0.04584956169128418
1739642303,shallow_40,360,2,0.06274247169494629
1739642308,shallow_40,361,2,0.05777573585510254
1739642313,shallow_40,362,2,0.06278061866760254
1739642318,shallow_40,363,2,0.07169866561889648
1739642323,shallow_40,364,2,0.050797462463378906
1739642328,shallow_40,365,2,0.05378842353820801
1739642333,shallow_40,366,2,0.07476043701171875
1739642338,deep_20,463,3,0.12131142616271973
1739642343,deep_20,464,3,0.05520796775817871
1739642348,deep_20,465,3,0.0689084529876709
1739642353,deep_20,466,3,0.053702354431152344
1739642358,deep_20,467,3,0.05376887321472168
1739642363,deep_20,468,3,0.07043194770812988
1739642368,deep_20,469,3,0.04577827453613281
1739642373,deep_20,470,3,0.06862187385559082
1739642378,deep_20,471,3,0.05475592613220215
1739642383,deep_20,472,3,0.05672574043273926
1739642388,deep_20,473,3,0.06581377983093262
1739642394,shallow_20,474,4,0.08290767669677734
1739642399,shallow_20,475,4,0.06507301330566406
1739642404,shallow_20,476,4,0.06679248809814453
1739642409,shallow_20,477,4,0.06372261047363281
1739642414,shallow_20,478,4,0.063720703125
1739642419,shallow_20,479,4,0.061738014221191406
1739642424,shallow_20,480,4,0.06378340721130371
1739642429,shallow_20,481,4,0.055751800537109375
1739642434,shallow_20,482,4,0.05379962921142578
1739642439,shallow_20,483,4,0.06170392036437988
1739642444,shallow_20,484,4,0.06870174407958984
1739642449,deep_20,485,3,0.11233186721801758
1739642454,deep_20,486,3,0.05973386764526367
1739642459,deep_20,487,3,0.05879354476928711
1739642464,deep_20,488,3,0.06079816818237305
1739642469,deep_20,489,3,0.047835350036621094
1739642474,deep_20,490,3,0.05687260627746582
1739642479,deep_20,491,3,0.05282163619995117
1739642484,deep_20,492,3,0.06075167655944824
1739642489,deep_20,493,3,0.05976557731628418
1739642494,deep_20,494,3,0.059804439544677734
1739642499,deep_20,495,3,0.0447998046875
1739642504,deep_20,496,3,0.057740211486816406
1739642509,shallow_20,497,4,0.06880974769592285
1739642514,shallow_20,498,4,0.06380081176757812
1739642519,shallow_20,499,4,0.06272149085998535
1739642524,shallow_20,500,4,0.05673408508300781
1739642529,shallow_20,501,4,0.05176854133605957
1739642534,shallow_20,502,4,0.053787946701049805
1739642539,shallow_20,503,4,0.05937671661376953
1739642544,shallow_20,504,4,0.057760000228881836
1739642549,shallow_20,505,4,0.0589442253112793
1739642554,deep_40,367,1,0.11466002464294434
1739642559,deep_40,368,1,0.05591154098510742
1739642564,deep_40,369,1,0.046828269958496094
1739642569,deep_40,370,1,0.06570172309875488
1739642574,deep_40,371,1,0.046820640563964844
1739642579,deep_40,372,1,0.057851552963256836
1739642585,deep_40,373,1,0.055020809173583984
1739642590,deep_40,374,1,0.05890917778015137
1739642595,deep_40,375,1,0.07329368591308594
1739642600,deep_40,376,1,0.05379962921142578
1739642605,deep_40,377,1,0.04876852035522461
1739642610,deep_40,378,1,0.05181121826171875
1739642615,deep_40,379,1,0.06172943115234375
1739642620,deep_40,380,1,0.05785703659057617
1739642625,deep_40,381,1,0.0737602710723877
1739642630,deep_40,382,1,0.06470441818237305
1739642635,deep_40,383,1,0.05973505973815918
1739642640,deep_40,384,1,0.05976104736328125
1739642645,shallow_20,506,4,0.08073663711547852
1739642650,shallow_20,507,4,0.053827762603759766
1739642655,shallow_20,508,4,0.06570839881896973
1739642660,deep_40,385,1,0.12425804138183594
1739642665,deep_40,386,1,0.0686948299407959
1739642670,deep_40,387,1,0.04876852035522461
1739642675,deep_40,388,1,0.06276988983154297
1739642680,deep_40,389,1,0.05380725860595703
1739642685,deep_40,390,1,0.0498049259185791
1739642690,shallow_40,391,2,0.09261035919189453
1739642695,shallow_40,392,2,0.06600522994995117
1739642700,shallow_40,393,2,0.061780691146850586
1739642705,shallow_40,394,2,0.04849815368652344
1739642710,shallow_40,395,2,0.055817604064941406
1739642715,shallow_40,396,2,0.06173086166381836
1739642720,deep_20,509,3,0.10361480712890625
1739642725,deep_20,510,3,0.05582594871520996
1739642730,deep_20,511,3,0.04976367950439453
1739642736,shallow_40,397,2,0.08098173141479492
1739642741,shallow_40,398,2,0.0666968822479248
1739642746,shallow_40,399,2,0.05673074722290039
1739642751,shallow_40,400,2,0.05680656433105469
1739642756,shallow_40,401,2,0.06172037124633789
1739642761,shallow_40,402,2,0.19029593467712402
1739642766,shallow_40,403,2,0.04978060722351074
1739642771,shallow_40,404,2,0.06271028518676758
1739642776,shallow_40,405,2,0.06870269775390625
1739642781,shallow_40,406,2,0.05972409248352051
1739642786,shallow_40,407,2,0.05689239501953125
1739642791,shallow_40,408,2,0.06368613243103027
1739642796,deep_40,409,1,0.11247754096984863
1739642801,deep_40,410,1,0.05775165557861328
1739642806,deep_40,411,1,0.05287361145019531
1739642811,deep_40,412,1,0.05075359344482422
1739642816,deep_40,413,1,0.06273627281188965
1739642821,deep_20,512,3,0.12357926368713379
1739642826,shallow_40,414,2,0.07183289527893066
1739642831,shallow_20,513,4,0.07240843772888184
1739642836,shallow_20,514,4,0.05084562301635742
1739642841,shallow_20,515,4,0.0677952766418457
1739642846,shallow_20,516,4,0.055777788162231445
1739642852,deep_40,415,1,0.12343955039978027
1739642857,deep_40,416,1,0.07176971435546875
1739642862,deep_40,417,1,0.06371855735778809
1739642867,deep_40,418,1,0.05546998977661133
1739642872,deep_40,419,1,0.047351837158203125
1739642877,deep_40,420,1,0.057648420333862305
1739642882,deep_40,421,1,0.05379533767700195
1739642887,deep_40,422,1,0.05184578895568848
1739642892,deep_40,423,1,0.06721711158752441
1739642897,deep_40,424,1,0.058335304260253906
1739642902,deep_40,425,1,0.053778648376464844
1739642907,deep_40,426,1,0.057771921157836914
1739642912,deep_40,427,1,0.04975247383117676
1739642917,deep_40,428,1,0.05278182029724121
1739642922,deep_40,429,1,0.07269692420959473
1739642927,shallow_40,430,2,0.09194445610046387
1739642932,shallow_40,431,2,0.053761959075927734
1739642937,shallow_40,432,2,0.05185842514038086
1739642942,shallow_40,433,2,0.0637049674987793
1739642947,shallow_40,434,2,0.053781747817993164
1739642952,shallow_40,435,2,0.06073427200317383
1739642957,shallow_40,436,2,0.048834800720214844
1739642962,shallow_40,437,2,0.05873823165893555
1739642967,shallow_40,438,2,0.06578350067138672
1739642972,shallow_40,439,2,0.04975605010986328
1739642977,shallow_40,440,2,0.04983639717102051
1739642982,shallow_40,441,2,0.055742740631103516
1739642987,shallow_40,442,2,0.06384873390197754
1739642992,shallow_40,443,2,0.05579566955566406
1739642997,shallow_40,444,2,0.06476831436157227
1739643002,shallow_40,445,2,0.06072068214416504
1739643007,shallow_40,446,2,0.04687070846557617
1739643012,shallow_40,447,2,0.06381654739379883
1739643017,shallow_40,448,2,0.05780935287475586
1739643022,shallow_40,449,2,0.06376218795776367
1739643027,shallow_40,450,2,0.048784494400024414
1739643033,deep_40,451,1,0.11940240859985352
1739643038,shallow_20,517,4,0.07204270362854004
1739643043,shallow_20,518,4,0.06385517120361328
1739643048,shallow_20,519,4,0.06378674507141113
1739643053,shallow_20,520,4,0.0677025318145752
1739643058,shallow_20,521,4,0.07276630401611328
1739643063,shallow_20,522,4,0.06972694396972656
1739643068,shallow_20,523,4,0.06472110748291016
1739643073,shallow_20,524,4,0.06981635093688965
1739643078,shallow_20,525,4,0.05584263801574707
1739643083,shallow_20,526,4,0.04774880409240723
1739643088,shallow_20,527,4,0.06379318237304688
1739643093,shallow_20,528,4,0.06572675704956055
1739643098,shallow_20,529,4,0.07076454162597656
1739643103,shallow_20,530,4,0.054758548736572266
1739643108,deep_40,452,1,0.12488961219787598
1739643113,deep_40,453,1,0.05728888511657715
1739643118,deep_20,531,3,0.11177897453308105
1739643123,deep_20,532,3,0.06272459030151367
1739643128,deep_20,533,3,0.058808326721191406
1739643133,deep_20,534,3,0.06375765800476074
1739643138,deep_20,535,3,0.05297040939331055
1739643143,shallow_20,536,4,0.07447409629821777
1739643148,shallow_20,537,4,0.07077407836914062
1739643154,deep_40,454,1,0.10674047470092773
1739643158,deep_40,455,1,0.048780202865600586
1739643163,deep_40,456,1,0.061035871505737305
1739643168,deep_40,457,1,0.0567927360534668
1739643174,deep_40,458,1,0.06719207763671875
1739643179,deep_40,459,1,0.056327104568481445
1739643184,deep_40,460,1,0.05784893035888672
1739643189,deep_40,461,1,0.04780387878417969
1739643194,deep_40,462,1,0.05580639839172363
1739643199,deep_40,463,1,0.06671667098999023
1739643204,deep_40,464,1,0.05774235725402832
1739643209,deep_40,465,1,0.046778202056884766
1739643214,deep_40,466,1,0.06178116798400879
1739643219,deep_40,467,1,0.07069826126098633
1739643224,deep_40,468,1,0.056774139404296875
1739643229,deep_20,538,3,0.12259602546691895
1739643234,deep_20,539,3,0.06176471710205078
1739643239,deep_20,540,3,0.06669449806213379
1739643244,deep_20,541,3,0.05643820762634277
1739643249,shallow_20,542,4,0.06737661361694336
1739643254,deep_20,543,3,0.11418366432189941
1739643259,deep_20,544,3,0.04783892631530762
1739643264,deep_20,545,3,0.050805091857910156
1739643269,shallow_20,546,4,0.08774328231811523
1739643274,shallow_20,547,4,0.05178093910217285
1739643279,shallow_20,548,4,0.059844255447387695
1739643284,shallow_20,549,4,0.049851179122924805
1739643290,deep_20,550,3,0.1161036491394043
1739643295,deep_20,551,3,0.05891561508178711
1739643300,deep_20,552,3,0.05409955978393555
1739643305,deep_20,553,3,0.0479278564453125
1739643310,deep_20,554,3,0.05374598503112793
1739643315,deep_20,555,3,0.04990577697753906
1739643320,deep_40,469,1,0.1017146110534668
1739643325,shallow_20,556,4,0.08677315711975098
1739643330,shallow_20,557,4,0.05774855613708496
1739643335,shallow_20,558,4,0.04681587219238281
1739643340,deep_40,470,1,0.12956929206848145
1739643345,deep_40,471,1,0.06921672821044922
1739643350,deep_40,472,1,0.055829763412475586
1739643355,deep_40,473,1,0.046869754791259766
1739643360,deep_40,474,1,0.05077338218688965
1739643365,deep_40,475,1,0.06485462188720703
1739643370,deep_40,476,1,0.06272482872009277
1739643375,deep_40,477,1,0.05678892135620117
1739643380,deep_40,478,1,0.06178760528564453
1739643385,deep_40,479,1,0.06370663642883301
1739643390,deep_20,559,3,0.13615822792053223
1739643395,deep_20,560,3,0.05008220672607422
1739643400,deep_20,561,3,0.053009986877441406
1739643406,deep_20,562,3,0.1933150291442871
1739643410,deep_20,563,3,0.06180143356323242
1739643415,deep_20,564,3,0.06271576881408691
1739643420,deep_20,565,3,0.05874228477478027
1739643426,deep_20,566,3,0.0625009536743164
1739643431,deep_20,567,3,0.054266929626464844
1739643436,deep_20,568,3,0.06859636306762695
1739643441,deep_20,569,3,0.06379461288452148
1739643446,deep_20,570,3,0.05780959129333496
1739643451,deep_20,571,3,0.07406091690063477
1739643456,deep_20,572,3,0.04776406288146973
1739643461,deep_20,573,3,0.06680417060852051
1739643466,deep_20,574,3,0.04593849182128906
1739643471,deep_20,575,3,0.06980085372924805
1739643476,deep_20,576,3,0.06072688102722168
1739643481,shallow_40,480,2,0.07242059707641602
1739643486,shallow_40,481,2,0.06374430656433105
1739643491,shallow_40,482,2,0.04987168312072754
1739643496,shallow_40,483,2,0.0810999870300293
1739643501,shallow_20,577,4,0.06613945960998535
1739643506,shallow_20,578,4,0.058797597885131836
1739643511,shallow_20,579,4,0.05278897285461426
1739643516,shallow_20,580,4,0.06372880935668945
1739643521,shallow_20,581,4,0.05673646926879883
1739643526,shallow_20,582,4,0.07213997840881348
1739643531,deep_20,583,3,0.12479138374328613
1739643536,deep_20,584,3,0.06771254539489746
1739643541,deep_20,585,3,0.07268548011779785
1739643546,deep_20,586,3,0.05574154853820801
1739643551,deep_20,587,3,0.06359267234802246
1739643556,shallow_20,588,4,0.08169054985046387
1739643561,shallow_20,589,4,0.054775238037109375
1739643566,shallow_20,590,4,0.05506253242492676
1739643571,shallow_20,591,4,0.05943417549133301
1739643577,deep_40,484,1,0.10913753509521484
1739643582,deep_40,485,1,0.05699324607849121
1739643587,shallow_20,592,4,0.08704447746276855
1739643592,shallow_20,593,4,0.0547637939453125
1739643597,shallow_20,594,4,0.062255144119262695
1739643602,shallow_20,595,4,0.05079245567321777
1739643607,shallow_20,596,4,0.0650320053100586
1739643612,shallow_20,597,4,0.04577898979187012
1739643617,shallow_20,598,4,0.05840706825256348
1739643622,shallow_20,599,4,0.05075693130493164
1739643627,shallow_20,600,4,0.06513452529907227
1739643632,shallow_20,601,4,0.05372142791748047
1739643637,shallow_20,602,4,0.07175135612487793
1739643642,shallow_20,603,4,0.05585908889770508
1739643647,deep_40,486,1,0.11511564254760742
1739643652,deep_40,487,1,0.06271767616271973
1739643657,deep_40,488,1,0.058760643005371094
1739643662,deep_40,489,1,0.06198549270629883
1739643667,deep_40,490,1,0.0528256893157959
1739643672,deep_40,491,1,0.05578279495239258
1739643677,deep_40,492,1,0.06185507774353027
1739643682,deep_40,493,1,0.05583548545837402
1739643687,deep_40,494,1,0.04485177993774414
1739643692,deep_40,495,1,0.0667259693145752
1739643697,deep_40,496,1,0.04580426216125488
1739643702,deep_40,497,1,0.07078361511230469
1739643707,shallow_20,604,4,0.08698630332946777
1739643712,deep_20,605,3,0.1223142147064209
1739643717,deep_20,606,3,0.04579567909240723
1739643722,shallow_20,607,4,0.06848669052124023
1739643728,deep_40,498,1,0.11042523384094238
1739643733,deep_40,499,1,0.0656883716583252
1739643738,deep_40,500,1,0.0548245906829834
1739643743,deep_40,501,1,0.07267498970031738
1739643748,deep_40,502,1,0.05682039260864258
1739643753,deep_40,503,1,0.07269167900085449
1739643758,deep_40,504,1,0.055745601654052734
1739643763,deep_20,608,3,0.09725546836853027
1739643768,deep_20,609,3,0.06479001045227051
1739643773,deep_20,610,3,0.05374336242675781
1739643778,deep_20,611,3,0.06272435188293457
1739643783,deep_20,612,3,0.048770904541015625
1739643788,deep_20,613,3,0.056884765625
1739643793,deep_20,614,3,0.06971359252929688
1739643798,deep_20,615,3,0.06478714942932129
1739643803,deep_20,616,3,0.06099700927734375
1739643808,deep_20,617,3,0.06072425842285156
1739643813,deep_40,505,1,0.10166072845458984
1739643818,deep_20,618,3,0.12887954711914062
1739643823,deep_20,619,3,0.07269072532653809
1739643828,deep_20,620,3,0.06374168395996094
1739643833,deep_20,621,3,0.04678034782409668
1739643838,deep_20,622,3,0.05982160568237305
1739643843,deep_20,623,3,0.07309532165527344
1739643849,deep_40,506,1,0.133500337600708
1739643854,shallow_20,624,4,0.09879350662231445
1739643859,deep_40,507,1,0.10561037063598633
1739643864,deep_40,508,1,0.057737112045288086
1739643869,deep_40,509,1,0.06778216361999512
1739643874,deep_40,510,1,0.06378650665283203
1739643879,deep_40,511,1,0.05875086784362793
1739643884,deep_20,625,3,0.11902952194213867
1739643889,deep_20,626,3,0.05175638198852539
1739643894,deep_20,627,3,0.06273508071899414
1739643899,deep_20,628,3,0.05274510383605957
1739643904,deep_20,629,3,0.05975794792175293
1739643909,deep_20,630,3,0.05872702598571777
1739643914,deep_20,631,3,0.05073833465576172
1739643919,deep_20,632,3,0.05575203895568848
1739643924,deep_20,633,3,0.0517728328704834
1739643929,shallow_20,634,4,0.08459591865539551
1739643935,deep_20,635,3,0.12572956085205078
1739643939,deep_20,636,3,0.05577492713928223
1739643945,deep_20,637,3,0.055796146392822266
1739643950,deep_20,638,3,0.052686452865600586
1739643955,deep_20,639,3,0.05222606658935547
1739643960,shallow_40,512,2,0.07454109191894531
1739643965,shallow_40,513,2,0.049776554107666016
1739643970,shallow_40,514,2,0.06074094772338867
1739643975,shallow_40,515,2,0.05873560905456543
1739643980,shallow_40,516,2,0.05483675003051758
1739643985,shallow_40,517,2,0.06674861907958984
1739643990,shallow_40,518,2,0.06968545913696289
1739643995,shallow_40,519,2,0.05873894691467285
1739644000,shallow_20,640,4,0.09666824340820312
1739644005,deep_40,520,1,0.11761355400085449
1739644010,deep_40,521,1,0.0647132396697998
1739644015,deep_40,522,1,0.0607295036315918
1739644020,deep_40,523,1,0.0497591495513916
1739644025,deep_40,524,1,0.05109214782714844
1739644030,deep_40,525,1,0.06574296951293945
1739644035,deep_40,526,1,0.0647134780883789
1739644040,deep_40,527,1,0.06776809692382812
1739644045,deep_40,528,1,0.05180525779724121
1739644050,deep_40,529,1,0.06771087646484375
1739644055,deep_40,530,1,0.07204413414001465
1739644060,deep_40,531,1,0.06671571731567383
1739644065,deep_40,532,1,0.05005788803100586
1739644070,deep_40,533,1,0.0538325309753418
1739644075,deep_40,534,1,0.07075166702270508
1739644080,deep_40,535,1,0.05584883689880371
1739644085,deep_40,536,1,0.06075024604797363
1739644090,deep_40,537,1,0.06078171730041504
1739644095,deep_40,538,1,0.06103801727294922
1739644100,deep_40,539,1,0.04613757133483887
1739644105,deep_40,540,1,0.05660510063171387
1739644110,deep_40,541,1,0.07677936553955078
1739644115,deep_40,542,1,0.07380247116088867
1739644121,shallow_40,543,2,0.07600641250610352
1739644126,deep_40,544,1,0.11259865760803223
1739644131,deep_40,545,1,0.061792612075805664
1739644136,deep_40,546,1,0.05678987503051758
1739644141,shallow_20,641,4,0.08811092376708984
1739644146,deep_20,642,3,0.13823533058166504
1739644151,deep_40,547,1,0.1295621395111084
1739644156,deep_40,548,1,0.07108545303344727
1739644161,deep_40,549,1,0.05821347236633301
1739644166,deep_40,550,1,0.054790496826171875
1739644171,deep_20,643,3,0.133819580078125
1739644176,deep_20,644,3,0.05738711357116699
1739644181,deep_20,645,3,0.04541969299316406
1739644186,deep_20,646,3,0.0522613525390625
1739644191,deep_20,647,3,0.04915213584899902
1739644197,deep_20,648,3,0.04881858825683594
1739644202,deep_20,649,3,0.06390833854675293
1739644207,deep_20,650,3,0.06492304801940918
1739644212,shallow_40,551,2,0.07778573036193848
1739644217,shallow_40,552,2,0.05990123748779297
1739644222,deep_40,553,1,0.13654518127441406
1739644227,deep_40,554,1,0.07074379920959473
1739644232,deep_40,555,1,0.04683971405029297
1739644237,deep_40,556,1,0.0485224723815918
1739644242,deep_40,557,1,0.0697474479675293
1739644247,deep_40,558,1,0.052033424377441406
1739644252,deep_40,559,1,0.05586886405944824
1739644257,deep_40,560,1,0.04936408996582031
1739644262,deep_40,561,1,0.04881429672241211
1739644267,deep_40,562,1,0.07477807998657227
1739644272,deep_20,651,3,0.1231088638305664
1739644277,deep_20,652,3,0.05676078796386719
1739644282,deep_20,653,3,0.04880571365356445
1739644287,deep_20,654,3,0.07270407676696777
1739644292,deep_20,655,3,0.0647132396697998
1739644297,deep_20,656,3,0.05183148384094238
1739644302,deep_20,657,3,0.05676746368408203
1739644307,deep_20,658,3,0.05078697204589844
1739644312,deep_20,659,3,0.05779671669006348
1739644317,deep_20,660,3,0.06098341941833496
1739644322,deep_20,661,3,0.05179595947265625
1739644327,deep_20,662,3,0.05194211006164551
1739644332,deep_20,663,3,0.06371688842773438
1739644337,deep_20,664,3,0.04696822166442871
1739644342,deep_20,665,3,0.061731576919555664
1739644347,deep_20,666,3,0.06480097770690918
1739644352,shallow_40,563,2,0.08553504943847656
1739644358,shallow_20,667,4,0.0807180404663086
1739644363,shallow_20,668,4,0.06609082221984863
1739644368,shallow_20,669,4,0.0590662956237793
1739644373,shallow_20,670,4,0.051857709884643555
1739644378,shallow_20,671,4,0.06882786750793457
1739644383,shallow_20,672,4,0.06571006774902344
1739644388,shallow_20,673,4,0.06272697448730469
1739644393,shallow_20,674,4,0.061771392822265625
1739644398,shallow_20,675,4,0.06375288963317871
1739644403,shallow_20,676,4,0.048845767974853516
1739644408,shallow_20,677,4,0.06770205497741699
1739644413,shallow_20,678,4,0.05375409126281738
1739644418,shallow_20,679,4,0.06183266639709473
1739644423,shallow_20,680,4,0.07268214225769043
1739644428,shallow_20,681,4,0.0582275390625
1739644433,shallow_20,682,4,0.06180238723754883
1739644438,shallow_20,683,4,0.05675148963928223
1739644443,deep_40,564,1,0.12135553359985352
1739644448,deep_40,565,1,0.057793617248535156
1739644453,deep_40,566,1,0.05079364776611328
1739644458,deep_40,567,1,0.06014418601989746
1739644463,deep_40,568,1,0.06185030937194824
1739644468,deep_40,569,1,0.061835289001464844
1739644473,deep_40,570,1,0.05673670768737793
1739644478,deep_40,571,1,0.05081486701965332
1739644483,deep_40,572,1,0.06470704078674316
1739644488,deep_40,573,1,0.04684615135192871
1739644493,deep_40,574,1,0.06380748748779297
1739644498,deep_40,575,1,0.054724931716918945
1739644503,deep_40,576,1,0.06577682495117188
1739644508,deep_40,577,1,0.05305027961730957
1739644513,deep_40,578,1,0.060821533203125
1739644518,deep_40,579,1,0.04582023620605469
1739644523,deep_40,580,1,0.06112384796142578
1739644528,deep_40,581,1,0.06978368759155273
1739644533,shallow_40,582,2,0.08832931518554688
1739644538,shallow_40,583,2,0.06381368637084961
1739644543,shallow_40,584,2,0.057776451110839844
1739644548,shallow_40,585,2,0.05559539794921875
1739644553,shallow_40,586,2,0.0477900505065918
1739644559,shallow_40,587,2,0.06918168067932129
1739644564,shallow_40,588,2,0.05165886878967285
1739644569,shallow_40,589,2,0.054151296615600586
1739644574,shallow_40,590,2,0.04810929298400879
1739644579,shallow_40,591,2,0.06375408172607422
1739644584,shallow_40,592,2,0.0557403564453125
1739644589,shallow_40,593,2,0.056777000427246094
1739644594,shallow_40,594,2,0.046805381774902344
1739644599,shallow_40,595,2,0.0657646656036377
1739644604,shallow_40,596,2,0.05973029136657715
1739644609,shallow_40,597,2,0.06568741798400879
1739644614,shallow_40,598,2,0.05183744430541992
1739644619,shallow_40,599,2,0.048840999603271484
1739644624,shallow_40,600,2,0.06774497032165527
1739644629,shallow_40,601,2,0.05075860023498535
1739644634,shallow_40,602,2,0.07267379760742188
1739644639,shallow_40,603,2,0.07374763488769531
1739644644,shallow_40,604,2,0.05674004554748535
1739644649,shallow_40,605,2,0.05289316177368164
1739644654,shallow_40,606,2,0.057037353515625
1739644659,shallow_40,607,2,0.05381917953491211
1739644664,shallow_40,608,2,0.05380845069885254
1739644669,shallow_40,609,2,0.06072115898132324
1739644674,deep_40,610,1,0.12657976150512695
1739644679,shallow_40,611,2,0.07598590850830078
1739644684,shallow_40,612,2,0.0708017349243164
1739644689,shallow_40,613,2,0.0647580623626709
1739644694,shallow_40,614,2,0.07368350028991699
1739644699,shallow_40,615,2,0.05288505554199219
1739644704,deep_20,684,3,0.11164283752441406
1739644709,deep_20,685,3,0.06670498847961426
1739644714,deep_20,686,3,0.05394101142883301
1739644719,deep_20,687,3,0.06547904014587402
1739644724,deep_20,688,3,0.06844210624694824
1739644729,deep_20,689,3,0.047827720642089844
1739644734,deep_20,690,3,0.0474700927734375
1739644739,deep_20,691,3,0.05426621437072754
1739644744,deep_20,692,3,0.06172752380371094
1739644749,deep_20,693,3,0.05474734306335449
1739644754,deep_20,694,3,0.059783935546875
1739644759,deep_20,695,3,0.05573606491088867
1739644765,shallow_20,696,4,0.08836650848388672
1739644770,shallow_20,697,4,0.05572962760925293
1739644775,shallow_20,698,4,0.06378722190856934
1739644780,shallow_20,699,4,0.06376099586486816
1739644785,shallow_20,700,4,0.06680154800415039
1739644790,shallow_20,701,4,0.05583786964416504
1739644795,shallow_20,702,4,0.0817112922668457
1739644800,shallow_40,616,2,0.08203959465026855
1739644805,shallow_40,617,2,0.052796363830566406
1739644810,shallow_40,618,2,0.05475163459777832
1739644815,shallow_40,619,2,0.06072282791137695
1739644820,shallow_40,620,2,0.06071591377258301
1739644825,deep_40,621,1,0.10693573951721191
1739644830,deep_40,622,1,0.05385446548461914
1739644835,deep_20,703,3,0.23508477210998535
1739644840,deep_20,704,3,0.06475400924682617
1739644845,shallow_40,623,2,0.08069157600402832
1739644850,shallow_40,624,2,0.0711827278137207
1739644855,shallow_40,625,2,0.05274510383605957
1739644860,shallow_40,626,2,0.05970597267150879
1739644865,shallow_40,627,2,0.07086920738220215
1739644870,shallow_40,628,2,0.058754920959472656
1739644875,shallow_40,629,2,0.04983949661254883
1739644880,shallow_40,630,2,0.0508267879486084
1739644885,shallow_40,631,2,0.06905651092529297
1739644890,shallow_40,632,2,0.0706937313079834
1739644895,shallow_40,633,2,0.06083393096923828
1739644900,shallow_40,634,2,0.05393409729003906
1739644905,shallow_40,635,2,0.0653843879699707
1739644910,shallow_40,636,2,0.07196760177612305
1739644915,shallow_40,637,2,0.05482077598571777
1739644921,shallow_40,638,2,0.058409929275512695
1739644926,deep_20,705,3,0.1206357479095459
1739644931,deep_20,706,3,0.059760332107543945
1739644936,deep_20,707,3,0.05178332328796387
1739644941,deep_20,708,3,0.06471395492553711
1739644946,deep_20,709,3,0.05375957489013672
1739644951,deep_20,710,3,0.05681872367858887
1739644956,deep_20,711,3,0.04981732368469238
1739644961,deep_20,712,3,0.05176258087158203
1739644966,deep_20,713,3,0.07073616981506348
1739644971,deep_20,714,3,0.056865692138671875
1739644976,deep_20,715,3,0.06574177742004395
1739644981,deep_20,716,3,0.06076788902282715
1739644986,deep_20,717,3,0.062355756759643555
1739644991,deep_20,718,3,0.05774068832397461
1739644996,deep_20,719,3,0.05082368850708008
1739645001,deep_20,720,3,0.04683279991149902
1739645006,deep_20,721,3,0.0518796443939209
1739645011,deep_20,722,3,0.0588381290435791
1739645016,deep_20,723,3,0.057715654373168945
1739645021,deep_20,724,3,0.08003044128417969
1739645026,deep_20,725,3,0.06378555297851562
1739645031,deep_20,726,3,0.06581592559814453
1739645036,deep_20,727,3,0.05975031852722168
1739645041,deep_20,728,3,0.06875443458557129
1739645046,deep_20,729,3,0.05575299263000488
1739645051,deep_20,730,3,0.06078529357910156
1739645056,deep_20,731,3,0.0656890869140625
1739645061,deep_20,732,3,0.061745405197143555
1739645066,deep_20,733,3,0.05176281929016113
1739645071,deep_20,734,3,0.05574607849121094
1739645076,deep_20,735,3,0.053812503814697266
1739645081,deep_20,736,3,0.06069517135620117
1739645087,deep_40,639,1,0.13074445724487305
1739645091,deep_40,640,1,0.05207514762878418
1739645097,deep_20,737,3,0.12511324882507324
1739645102,deep_20,738,3,0.06678199768066406
1739645107,deep_20,739,3,0.06732988357543945
1739645112,deep_20,740,3,0.06476068496704102
1739645117,deep_20,741,3,0.05744624137878418
1739645122,deep_20,742,3,0.05078744888305664
1739645127,deep_20,743,3,0.06179523468017578
1739645132,deep_20,744,3,0.050081729888916016
1739645137,deep_20,745,3,0.05707097053527832
1739645142,deep_20,746,3,0.06990194320678711
1739645147,deep_20,747,3,0.05277752876281738
1739645152,deep_20,748,3,0.06384634971618652
1739645157,deep_20,749,3,0.06573653221130371
1739645162,deep_20,750,3,0.061780452728271484
1739645167,deep_20,751,3,0.04786396026611328
1739645172,deep_20,752,3,0.073211669921875
1739645177,deep_20,753,3,0.06141471862792969
1739645182,deep_20,754,3,0.05081319808959961
1739645187,deep_20,755,3,0.04881405830383301
1739645192,deep_20,756,3,0.04778933525085449
1739645197,deep_20,757,3,0.05575394630432129
1739645202,deep_20,758,3,0.06173419952392578
1739645207,deep_20,759,3,0.04679512977600098
1739645212,shallow_40,641,2,0.07795238494873047
1739645217,shallow_40,642,2,0.049859046936035156
1739645222,shallow_40,643,2,0.06972956657409668
1739645227,shallow_40,644,2,0.06978154182434082
1739645232,deep_20,760,3,0.13025808334350586
1739645237,shallow_40,645,2,0.09237170219421387
1739645242,shallow_40,646,2,0.04980778694152832
1739645247,shallow_40,647,2,0.05600476264953613
1739645253,shallow_40,648,2,0.06688141822814941
1739645258,shallow_40,649,2,0.04797053337097168
1739645263,shallow_40,650,2,0.05969667434692383
1739645268,deep_40,651,1,0.1315622329711914
1739645273,shallow_20,761,4,0.07973575592041016
1739645278,shallow_20,762,4,0.06573891639709473
1739645283,shallow_40,652,2,0.07775306701660156
1739645288,shallow_40,653,2,0.05480217933654785
1739645293,shallow_40,654,2,0.054810285568237305
1739645298,shallow_40,655,2,0.06583333015441895
1739645303,deep_20,763,3,0.1285688877105713
1739645308,deep_20,764,3,0.062713623046875
1739645313,deep_20,765,3,0.06378626823425293
1739645318,deep_20,766,3,0.0497746467590332
1739645323,deep_40,656,1,0.10804986953735352
1739645328,deep_40,657,1,0.059808969497680664
1739645333,deep_40,658,1,0.06410026550292969
1739645338,deep_40,659,1,0.05377340316772461
1739645343,deep_40,660,1,0.047875165939331055
1739645348,shallow_20,767,4,0.06777787208557129
1739645353,shallow_20,768,4,0.04950833320617676
1739645358,shallow_20,769,4,0.05288815498352051
1739645363,shallow_20,770,4,0.07291173934936523
1739645368,shallow_20,771,4,0.060778141021728516
1739645373,shallow_20,772,4,0.07767510414123535
1739645378,shallow_20,773,4,0.054682016372680664
1739645383,shallow_20,774,4,0.04724454879760742
1739645389,shallow_20,775,4,0.07504391670227051
1739645394,shallow_20,776,4,0.05628705024719238
1739645399,shallow_20,777,4,0.06103181838989258
1739645404,shallow_20,778,4,0.054738759994506836
1739645409,shallow_20,779,4,0.06470036506652832
1739645414,shallow_20,780,4,0.047740936279296875
1739645419,shallow_20,781,4,0.060744524002075195
1739645424,shallow_20,782,4,0.04976344108581543
1739645429,deep_20,783,3,0.12761974334716797
1739645434,shallow_20,784,4,0.08064866065979004
1739645439,shallow_20,785,4,0.05907034873962402
1739645444,shallow_20,786,4,0.05814695358276367
1739645449,shallow_20,787,4,0.053841590881347656
1739645454,shallow_20,788,4,0.053795814514160156
1739645459,shallow_20,789,4,0.06076693534851074
1739645464,shallow_20,790,4,0.05872464179992676
1739645469,deep_20,791,3,0.11066365242004395
1739645474,deep_20,792,3,0.057775020599365234
1739645479,deep_20,793,3,0.05873990058898926
1739645484,shallow_20,794,4,0.0887155532836914
1739645489,shallow_20,795,4,0.0608522891998291
1739645494,shallow_20,796,4,0.05379080772399902
1739645499,deep_40,661,1,0.10983490943908691
1739645505,shallow_40,662,2,0.0840766429901123
1739645510,shallow_40,663,2,0.04914593696594238
1739645515,shallow_40,664,2,0.05089282989501953
1739645520,shallow_40,665,2,0.054804325103759766
1739645525,shallow_40,666,2,0.04590964317321777
1739645530,shallow_40,667,2,0.049767255783081055
1739645535,shallow_40,668,2,0.05482745170593262
1739645540,shallow_20,797,4,0.08669185638427734
1739645545,shallow_20,798,4,0.06272172927856445
1739645550,shallow_20,799,4,0.0497591495513916
1739645555,shallow_20,800,4,0.05190134048461914
1739645560,shallow_20,801,4,0.06474542617797852
1739645565,shallow_20,802,4,0.055835723876953125
1739645570,shallow_40,669,2,0.06977295875549316
1739645575,shallow_40,670,2,0.050765037536621094
1739645580,shallow_40,671,2,0.05972123146057129
1739645585,shallow_40,672,2,0.06375932693481445
1739645590,shallow_40,673,2,0.05279827117919922
1739645595,shallow_40,674,2,0.0607450008392334
1739645600,shallow_20,803,4,0.07740378379821777
1739645605,shallow_20,804,4,0.06474542617797852
1739645610,shallow_40,675,2,0.08471798896789551
1739645615,shallow_40,676,2,0.058732032775878906
1739645620,deep_20,805,3,0.09972167015075684
1739645625,deep_20,806,3,0.06380486488342285
1739645630,deep_20,807,3,0.1885685920715332
1739645635,deep_20,808,3,0.054733991622924805
1739645640,shallow_40,677,2,0.08371853828430176
1739645646,deep_20,809,3,0.11485624313354492
1739645651,deep_20,810,3,0.06404495239257812
1739645656,deep_20,811,3,0.046848297119140625
1739645661,deep_20,812,3,0.061865806579589844
1739645666,deep_20,813,3,0.04786515235900879
1739645671,deep_20,814,3,0.06269288063049316
1739645676,deep_20,815,3,0.04625248908996582
1739645681,deep_20,816,3,0.04783296585083008
1739645686,deep_20,817,3,0.06275796890258789
1739645691,deep_20,818,3,0.06172585487365723
1739645696,deep_20,819,3,0.051290035247802734
1739645701,deep_20,820,3,0.060706138610839844
1739645706,deep_20,821,3,0.07369351387023926
1739645711,deep_20,822,3,0.04976034164428711
1739645716,shallow_20,823,4,0.08735942840576172
1739645721,shallow_20,824,4,0.06574749946594238
1739645726,shallow_20,825,4,0.050760507583618164
1739645731,shallow_20,826,4,0.0558013916015625
1739645736,deep_20,827,3,0.11352372169494629
1739645741,deep_20,828,3,0.05673027038574219
1739645746,shallow_20,829,4,0.08966732025146484
1739645751,shallow_20,830,4,0.0627741813659668
1739645756,shallow_20,831,4,0.05980348587036133
1739645761,shallow_20,832,4,0.05678081512451172
1739645766,shallow_20,833,4,0.05177044868469238
1739645771,shallow_40,678,2,0.07874226570129395
1739645776,shallow_40,679,2,0.061745405197143555
1739645781,deep_20,834,3,0.1189870834350586
1739645786,deep_20,835,3,0.053815603256225586
1739645791,deep_20,836,3,0.06981348991394043
1739645796,deep_20,837,3,0.0617220401763916
1739645801,shallow_20,838,4,0.076812744140625
1739645806,shallow_20,839,4,0.05553793907165527
1739645811,shallow_20,840,4,0.053377389907836914
1739645817,deep_40,680,1,0.11752176284790039
1739645822,deep_20,841,3,0.12858057022094727
1739645827,deep_20,842,3,0.05904126167297363
1739645832,deep_20,843,3,0.052753448486328125
1739645837,deep_20,844,3,0.054764747619628906
1739645842,deep_20,845,3,0.05093693733215332
1739645847,deep_20,846,3,0.04717874526977539
1739645852,deep_20,847,3,0.05075192451477051
1739645857,deep_20,848,3,0.06481313705444336
1739645862,deep_20,849,3,0.05579781532287598
1739645867,deep_20,850,3,0.05482745170593262
1739645872,deep_20,851,3,0.06077718734741211
1739645877,deep_20,852,3,0.06379032135009766
1739645882,deep_20,853,3,0.05874013900756836
1739645887,deep_20,854,3,0.0478665828704834
1739645892,deep_20,855,3,0.05030989646911621
1739645897,deep_20,856,3,0.055762529373168945
1739645902,deep_20,857,3,0.06073451042175293
1739645907,deep_20,858,3,0.07071948051452637
1739645912,deep_20,859,3,0.06869196891784668
1739645917,deep_20,860,3,0.06577801704406738
1739645922,deep_20,861,3,0.052757978439331055
1739645927,deep_20,862,3,0.05481076240539551
1739645932,deep_20,863,3,0.05778765678405762
1739645937,deep_20,864,3,0.059754371643066406
1739645942,deep_40,681,1,0.10248088836669922
1739645947,deep_40,682,1,0.05277538299560547
1739645952,deep_40,683,1,0.06563282012939453
1739645958,shallow_40,684,2,0.07611298561096191
1739645963,shallow_40,685,2,0.050158023834228516
1739645968,shallow_40,686,2,0.08375835418701172
1739645973,deep_20,865,3,0.12159609794616699
1739645978,deep_40,687,1,0.1256859302520752
1739645983,deep_40,688,1,0.06272196769714355
1739645988,deep_40,689,1,0.06323361396789551
1739645993,deep_20,866,3,0.11634087562561035
1739645998,deep_20,867,3,0.051805973052978516
1739646003,deep_20,868,3,0.06178021430969238
1739646008,deep_20,869,3,0.06471824645996094
1739646013,deep_20,870,3,0.05475592613220215
1739646018,deep_40,690,1,0.10758709907531738
1739646023,deep_40,691,1,0.07305502891540527
1739646028,deep_40,692,1,0.0632944107055664
1739646033,deep_40,693,1,0.06271767616271973
1739646038,deep_40,694,1,0.07475137710571289
1739646044,deep_20,871,3,0.10764122009277344
1739646049,deep_20,872,3,0.056746721267700195
1739646054,deep_20,873,3,0.05276989936828613
1739646059,deep_20,874,3,0.05774235725402832
1739646064,shallow_20,875,4,0.09269285202026367
1739646069,shallow_20,876,4,0.05672430992126465
1739646074,shallow_20,877,4,0.05473971366882324
1739646079,shallow_20,878,4,0.05973458290100098
1739646084,shallow_20,879,4,0.06279325485229492
1739646089,shallow_20,880,4,0.0666971206665039
1739646094,shallow_20,881,4,0.06269669532775879
1739646099,shallow_20,882,4,0.07169175148010254
1739646104,shallow_20,883,4,0.05177450180053711
1739646109,shallow_20,884,4,0.048851728439331055
1739646114,shallow_20,885,4,0.047760963439941406
1739646119,shallow_20,886,4,0.06371712684631348
1739646124,shallow_20,887,4,0.06374406814575195
1739646129,shallow_20,888,4,0.06072115898132324
1739646134,shallow_20,889,4,0.05871772766113281
1739646139,shallow_20,890,4,0.05475044250488281
1739646144,shallow_20,891,4,0.05973410606384277
1739646149,shallow_20,892,4,0.05480766296386719
1739646154,shallow_40,695,2,0.07973742485046387
1739646159,shallow_40,696,2,0.05682539939880371
1739646164,shallow_40,697,2,0.055815935134887695
1739646169,shallow_40,698,2,0.048810720443725586
1739646174,shallow_40,699,2,0.06279730796813965
1739646179,shallow_40,700,2,0.05283498764038086
1739646184,shallow_40,701,2,0.05177140235900879
1739646189,shallow_40,702,2,0.05879712104797363
1739646194,shallow_40,703,2,0.0668025016784668
1739646199,shallow_40,704,2,0.060730934143066406
1739646204,shallow_40,705,2,0.05672860145568848
1739646209,shallow_40,706,2,0.06470108032226562
1739646214,shallow_40,707,2,0.05376625061035156
1739646219,shallow_40,708,2,0.05184769630432129
1739646224,shallow_40,709,2,0.0646977424621582
1739646229,shallow_40,710,2,0.06074666976928711
1739646234,shallow_40,711,2,0.05189323425292969
1739646239,shallow_40,712,2,0.06381583213806152
1739646244,shallow_40,713,2,0.05279684066772461
1739646249,shallow_40,714,2,0.0726783275604248
1739646254,shallow_40,715,2,0.06375670433044434
1739646259,shallow_40,716,2,0.06475090980529785
1739646264,shallow_40,717,2,0.05180239677429199
1739646269,shallow_40,718,2,0.060835838317871094
1739646274,shallow_20,893,4,0.08811068534851074
1739646279,shallow_20,894,4,0.06498169898986816
1739646284,shallow_20,895,4,0.05574488639831543
1739646289,shallow_20,896,4,0.05774188041687012
1739646294,shallow_20,897,4,0.06585693359375
1739646300,deep_40,719,1,0.10764241218566895
1739646305,deep_40,720,1,0.055754661560058594
1739646310,deep_40,721,1,0.0577545166015625
1739646315,deep_40,722,1,0.04582548141479492
1739646320,deep_40,723,1,0.05674600601196289
1739646325,deep_40,724,1,0.06275725364685059
1739646330,deep_40,725,1,0.06971979141235352
1739646335,deep_40,726,1,0.05574631690979004
1739646340,shallow_40,727,2,0.2073822021484375
1739646345,shallow_40,728,2,0.052864789962768555
1739646350,shallow_40,729,2,0.05913233757019043
1739646355,shallow_40,730,2,0.0836334228515625
1739646360,shallow_40,731,2,0.05779099464416504
1739646365,shallow_40,732,2,0.056873321533203125
1739646370,shallow_40,733,2,0.0627140998840332
1739646375,shallow_20,898,4,0.07973432540893555
1739646380,shallow_20,899,4,0.05571699142456055
1739646385,deep_40,734,1,0.11461710929870605
1739646390,deep_40,735,1,0.05286860466003418
1739646395,deep_40,736,1,0.05183124542236328
1739646400,shallow_40,737,2,0.07568955421447754
1739646405,shallow_40,738,2,0.06858301162719727
1739646410,shallow_20,900,4,0.08573222160339355
1739646416,deep_40,739,1,0.11464810371398926
1739646421,deep_40,740,1,0.05482769012451172
1739646426,deep_40,741,1,0.05375480651855469
1739646431,deep_40,742,1,0.06306076049804688
1739646436,deep_40,743,1,0.05180215835571289
1739646441,deep_40,744,1,0.06877279281616211
1739646446,deep_40,745,1,0.05176258087158203
1739646451,deep_40,746,1,0.06471443176269531
1739646456,deep_40,747,1,0.058808326721191406
1739646461,deep_40,748,1,0.050821542739868164
1739646466,deep_40,749,1,0.0647726058959961
1739646471,deep_40,750,1,0.06672477722167969
1739646476,deep_40,751,1,0.057744503021240234
1739646481,deep_40,752,1,0.04984402656555176
1739646486,deep_20,901,3,0.1164093017578125
1739646491,deep_20,902,3,0.04883599281311035
1739646496,deep_20,903,3,0.05449318885803223
1739646501,deep_20,904,3,0.056816816329956055
1739646506,deep_20,905,3,0.06868815422058105
1739646511,deep_20,906,3,0.0657949447631836
1739646516,deep_20,907,3,0.05083107948303223
1739646521,deep_20,908,3,0.06483840942382812
1739646526,deep_20,909,3,0.070709228515625
1739646531,deep_20,910,3,0.07468414306640625
1739646536,deep_20,911,3,0.0568242073059082
1739646541,deep_20,912,3,0.06876921653747559
1739646546,deep_20,913,3,0.06080007553100586
1739646551,deep_20,914,3,0.06374931335449219
1739646556,deep_20,915,3,0.06179070472717285
1739646561,deep_20,916,3,0.07175612449645996
1739646566,deep_20,917,3,0.0627138614654541
1739646571,deep_20,918,3,0.06470346450805664
1739646576,deep_20,919,3,0.0582585334777832
1739646581,deep_20,920,3,0.058734893798828125
1739646586,deep_20,921,3,0.06974625587463379
1739646591,deep_20,922,3,0.050832271575927734
1739646596,deep_20,923,3,0.0667426586151123
1739646601,deep_20,924,3,0.05675768852233887
1739646606,deep_20,925,3,0.046776533126831055
1739646611,deep_20,926,3,0.05481576919555664
1739646617,deep_40,753,1,0.12868332862854004
1739646622,deep_40,754,1,0.05748319625854492
1739646627,deep_40,755,1,0.05678248405456543
1739646632,shallow_20,927,4,0.0678250789642334
1739646637,shallow_20,928,4,0.06340456008911133
1739646642,shallow_20,929,4,0.06072878837585449
1739646647,shallow_20,930,4,0.06370234489440918
1739646652,shallow_20,931,4,0.0518186092376709
1739646657,shallow_20,932,4,0.059461355209350586
1739646662,shallow_20,933,4,0.06276750564575195
1739646667,shallow_20,934,4,0.0628359317779541
1739646672,shallow_20,935,4,0.06375503540039062
1739646677,shallow_20,936,4,0.0852346420288086
1739646682,shallow_20,937,4,0.06371355056762695
1739646687,shallow_20,938,4,0.07898783683776855
1739646692,shallow_20,939,4,0.06777834892272949
1739646697,shallow_20,940,4,0.0570831298828125
1739646702,shallow_20,941,4,0.06769704818725586
1739646707,shallow_20,942,4,0.05609011650085449
1739646712,shallow_40,756,2,0.07267045974731445
1739646717,shallow_40,757,2,0.06182146072387695
1739646722,deep_20,943,3,0.12056422233581543
1739646727,deep_20,944,3,0.04889941215515137
1739646732,deep_20,945,3,0.05671811103820801
1739646737,deep_20,946,3,0.052780866622924805
1739646742,deep_20,947,3,0.06079363822937012
1739646747,deep_20,948,3,0.04784131050109863
1739646752,deep_20,949,3,0.06174826622009277
1739646757,deep_20,950,3,0.05626273155212402
1739646762,deep_20,951,3,0.05777144432067871
1739646767,shallow_40,758,2,0.07845401763916016
1739646772,shallow_40,759,2,0.048830270767211914
1739646777,shallow_40,760,2,0.06946897506713867
1739646782,shallow_40,761,2,0.05688643455505371
1739646787,shallow_40,762,2,0.06109738349914551
1739646792,shallow_40,763,2,0.06057000160217285
1739646797,shallow_40,764,2,0.051798343658447266
1739646802,shallow_40,765,2,0.05475425720214844
1739646807,shallow_40,766,2,0.056845903396606445
1739646812,shallow_40,767,2,0.05681800842285156
1739646817,shallow_40,768,2,0.0507807731628418
1739646823,deep_20,952,3,0.0996694564819336
1739646828,shallow_40,769,2,0.0863180160522461
1739646833,shallow_40,770,2,0.06670999526977539
1739646838,shallow_40,771,2,0.0707547664642334
1739646843,shallow_40,772,2,0.05780529975891113
1739646848,shallow_40,773,2,0.05774044990539551
1739646853,shallow_40,774,2,0.056734561920166016
1739646858,shallow_40,775,2,0.062230587005615234
1739646863,shallow_40,776,2,0.053754568099975586
1739646868,shallow_40,777,2,0.05713534355163574
1739646873,shallow_40,778,2,0.0638418197631836
1739646878,shallow_40,779,2,0.06380939483642578
1739646883,shallow_40,780,2,0.0557713508605957
1739646888,shallow_40,781,2,0.06283688545227051
1739646893,shallow_40,782,2,0.05972862243652344
1739646898,shallow_40,783,2,0.05084729194641113
1739646903,shallow_40,784,2,0.06270885467529297
1739646908,deep_40,785,1,0.10365104675292969
1739646913,deep_40,786,1,0.05883932113647461
1739646918,deep_40,787,1,0.05877351760864258
1739646923,deep_40,788,1,0.06673932075500488
1739646928,deep_40,789,1,0.06148505210876465
1739646933,deep_40,790,1,0.0717477798461914
1739646938,shallow_20,953,4,0.0703272819519043
1739646943,shallow_20,954,4,0.0640256404876709
1739646948,shallow_20,955,4,0.053748369216918945
1739646953,shallow_20,956,4,0.052825927734375
1739646958,shallow_20,957,4,0.05482769012451172
1739646963,shallow_20,958,4,0.06529903411865234
1739646968,shallow_20,959,4,0.05275559425354004
1739646973,shallow_20,960,4,0.05391502380371094
1739646979,deep_40,791,1,0.1286334991455078
1739646984,deep_20,961,3,0.11850214004516602
1739646989,deep_20,962,3,0.05577898025512695
1739646994,deep_20,963,3,0.0667116641998291
1739646999,deep_20,964,3,0.05974698066711426
1739647004,deep_20,965,3,0.05573916435241699
1739647009,deep_20,966,3,0.050493478775024414
1739647014,deep_20,967,3,0.06770586967468262
1739647019,deep_20,968,3,0.05086469650268555
1739647024,deep_20,969,3,0.05187845230102539
1739647029,deep_20,970,3,0.05175209045410156
1739647034,deep_20,971,3,0.061731576919555664
1739647039,deep_20,972,3,0.06967544555664062
1739647044,deep_20,973,3,0.07068824768066406
1739647049,deep_20,974,3,0.06176018714904785
1739647054,deep_20,975,3,0.06768798828125
1739647059,deep_20,976,3,0.06179547309875488
1739647064,deep_20,977,3,0.05876660346984863
1739647069,deep_20,978,3,0.07367658615112305
1739647074,deep_20,979,3,0.04883742332458496
1739647079,shallow_20,980,4,0.07674765586853027
1739647084,shallow_20,981,4,0.050844430923461914
1739647089,shallow_20,982,4,0.05281257629394531
1739647094,shallow_20,983,4,0.06268978118896484
1739647099,shallow_20,984,4,0.0616908073425293
1739647104,shallow_20,985,4,0.04685044288635254
1739647109,shallow_20,986,4,0.04974937438964844
1739647114,shallow_20,987,4,0.055754661560058594
1739647119,shallow_20,988,4,0.061144351959228516
1739647124,shallow_20,989,4,0.05410575866699219
1739647129,shallow_20,990,4,0.05083727836608887
1739647134,shallow_20,991,4,0.05179929733276367
1739647139,shallow_20,992,4,0.05776190757751465
1739647144,shallow_20,993,4,0.06371665000915527
1739647149,shallow_20,994,4,0.06471681594848633
1739647154,shallow_20,995,4,0.06101417541503906
1739647159,shallow_20,996,4,0.0554502010345459
1739647164,shallow_20,997,4,0.057037353515625
1739647170,shallow_20,998,4,0.05931854248046875
1739647175,shallow_40,792,2,0.09146666526794434
1739647180,shallow_40,793,2,0.055848121643066406
1739647185,shallow_40,794,2,0.05682516098022461
1739647190,shallow_40,795,2,0.05081462860107422
1739647195,shallow_40,796,2,0.05503249168395996
1739647200,shallow_40,797,2,0.04977607727050781
1739647205,shallow_40,798,2,0.06278419494628906
1739647210,shallow_40,799,2,0.05174612998962402
1739647215,shallow_40,800,2,0.06270790100097656
1739647220,shallow_40,801,2,0.061806678771972656
1739647235,deep_40,802,1,0.2294783592224121
1739647240,deep_40,803,1,0.053835153579711914
1739647245,deep_40,804,1,0.06870198249816895
1739647250,deep_40,805,1,0.05478644371032715
1739647255,deep_40,806,1,0.05488014221191406
1739647331,deep_40,807,1,0.11060881614685059
1739647336,deep_40,808,1,0.06970620155334473
1739647401,shallow_40,809,2,0.09432840347290039
1739647462,shallow_40,810,2,0.09463214874267578
1739647467,shallow_40,811,2,0.05896353721618652
1739647472,shallow_40,812,2,0.054749250411987305
1739647477,shallow_40,813,2,0.06579947471618652
1739647497,deep_40,814,1,0.10477232933044434
1739647502,deep_40,815,1,0.05374884605407715
1739647533,deep_40,816,1,0.1125485897064209
1739647538,deep_40,817,1,0.04899001121520996
1739647543,shallow_40,818,2,0.0778660774230957
1739647548,shallow_40,819,2,0.05481410026550293
1739647553,shallow_40,820,2,0.06371140480041504
1739647558,deep_40,821,1,0.10479235649108887
1739647578,shallow_40,822,2,0.0801231861114502
1739647583,shallow_40,823,2,0.05275535583496094
1739647588,shallow_40,824,2,0.06079411506652832
1739647593,shallow_40,825,2,0.05478715896606445
1739647598,shallow_40,826,2,0.05126810073852539
1739647623,deep_40,827,1,0.12840700149536133
1739647628,deep_40,828,1,0.06271648406982422
1739647633,deep_40,829,1,0.059090375900268555
1739647638,deep_40,830,1,0.05186176300048828
1739647643,deep_40,831,1,0.061820030212402344
1739647648,deep_40,832,1,0.0641486644744873
1739647653,deep_40,833,1,0.05517315864562988
1739647694,deep_40,834,1,0.11779975891113281
1739647699,deep_40,835,1,0.06070089340209961
1739647704,deep_40,836,1,0.0577998161315918
1739647719,shallow_40,837,2,0.08076763153076172
1739647724,shallow_40,838,2,0.0637657642364502
1739647729,deep_40,839,1,0.10414743423461914
1739647734,deep_40,840,1,0.058777570724487305
1739647739,deep_40,841,1,0.06380033493041992
1739647744,shallow_40,842,2,0.06664466857910156
1739647749,shallow_40,843,2,0.07231783866882324
1739647754,shallow_40,844,2,0.06669974327087402
1739647759,shallow_40,845,2,0.05878043174743652
1739647805,deep_40,846,1,0.11665558815002441
1739647810,deep_40,847,1,0.06477475166320801
1739647815,deep_40,848,1,0.06380939483642578
1739647820,deep_40,849,1,0.05784797668457031
1739647825,deep_40,850,1,0.046843528747558594
1739647830,deep_40,851,1,0.04829287528991699
1739647835,deep_40,852,1,0.04777693748474121
1739647860,shallow_40,853,2,0.08672761917114258
1739647865,shallow_40,854,2,0.06966423988342285
1739647870,shallow_40,855,2,0.07367563247680664
1739647875,shallow_40,856,2,0.05574774742126465
1739647880,shallow_40,857,2,0.050829172134399414
1739647885,shallow_40,858,2,0.0508418083190918
1739647890,shallow_40,859,2,0.06969404220581055
1739647895,shallow_40,860,2,0.05793476104736328
1739647996,shallow_40,861,2,0.06478500366210938
1739648001,shallow_40,862,2,0.056757211685180664
1739648006,shallow_40,863,2,0.0648040771484375
1739648011,shallow_40,864,2,0.05873990058898926
1739648016,shallow_40,865,2,0.05789780616760254
1739648021,shallow_40,866,2,0.058727264404296875
1739648026,shallow_40,867,2,0.056855201721191406
1739648031,shallow_40,868,2,0.05980038642883301
1739648036,shallow_40,869,2,0.06379413604736328
1739648041,shallow_40,870,2,0.0717160701751709
1739648046,shallow_40,871,2,0.06673455238342285
1739648051,shallow_40,872,2,0.05883979797363281
1739648056,deep_40,873,1,0.11874508857727051
1739648061,deep_40,874,1,0.06770110130310059
1739648066,deep_40,875,1,0.049826860427856445
1739648071,deep_40,876,1,0.0530397891998291
1739648091,shallow_40,877,2,0.07735538482666016
1739648096,shallow_40,878,2,0.04679298400878906
1739648101,shallow_40,879,2,0.06408882141113281
1739648107,shallow_40,880,2,0.07390213012695312
1739648112,shallow_40,881,2,0.05368757247924805
1739648117,shallow_40,882,2,0.05089068412780762
1739648122,shallow_40,883,2,0.05771613121032715
1739648127,shallow_40,884,2,0.07236480712890625
1739648132,shallow_40,885,2,0.06086325645446777
1739648137,shallow_40,886,2,0.060942649841308594
1739648142,shallow_40,887,2,0.05183720588684082
1739648147,shallow_40,888,2,0.0633995532989502
1739648167,deep_40,889,1,0.1112973690032959
1739648172,deep_40,890,1,0.06471085548400879
1739648288,shallow_40,891,2,0.08270549774169922
1739648293,deep_40,892,1,0.12505555152893066
1739648298,deep_40,893,1,0.05412125587463379
1739648303,shallow_40,894,2,0.07561469078063965
1739648323,shallow_40,895,2,0.07575035095214844
1739648328,deep_40,896,1,0.11020922660827637
1739648333,deep_40,897,1,0.0660710334777832
1739648338,deep_40,898,1,0.052301645278930664
1739648343,deep_40,899,1,0.05889272689819336
1739648348,deep_40,900,1,0.05872797966003418
1739648353,deep_40,901,1,0.05086565017700195
1739648358,deep_40,902,1,0.056739091873168945
1739648363,deep_40,903,1,0.06034970283508301
1739648369,shallow_40,904,2,0.0882728099822998
1739648374,shallow_40,905,2,0.07184290885925293
1739648379,shallow_40,906,2,0.06679439544677734
1739648384,shallow_40,907,2,0.057797908782958984
1739648389,shallow_40,908,2,0.056850433349609375
1739648414,shallow_40,909,2,0.07970356941223145
1739648419,deep_40,910,1,0.11960077285766602
1739648424,deep_40,911,1,0.04678702354431152
1739648429,deep_40,912,1,0.05076885223388672
1739648475,deep_40,913,1,0.12397241592407227
1739648479,deep_40,914,1,0.048868656158447266
1739648484,deep_40,915,1,0.06343817710876465
1739648500,deep_40,916,1,0.11562418937683105
1739648505,deep_40,917,1,0.06072235107421875
1739648510,deep_40,918,1,0.048813581466674805
1739648515,deep_40,919,1,0.06273245811462402
1739648520,deep_40,920,1,0.04980826377868652
1739648535,deep_40,921,1,0.1325664520263672
1739648540,deep_40,922,1,0.04786562919616699
1739648545,deep_40,923,1,0.060777902603149414
1739648550,deep_40,924,1,0.04777407646179199
1739648641,shallow_40,925,2,0.0956888198852539
1739648646,shallow_40,926,2,0.05774426460266113
1739648651,shallow_40,927,2,0.061765193939208984
1739648656,shallow_40,928,2,0.06079292297363281
1739648661,shallow_40,929,2,0.060758113861083984
1739648666,shallow_40,930,2,0.06876707077026367
1739648671,shallow_40,931,2,0.05975627899169922
1739648676,shallow_40,932,2,0.05481767654418945
1739648681,shallow_40,933,2,0.04881453514099121
1739648686,shallow_40,934,2,0.05781388282775879
1739648691,shallow_40,935,2,0.0667276382446289
1739648696,shallow_40,936,2,0.05674266815185547
1739648701,shallow_40,937,2,0.07781720161437988
1739648706,shallow_40,938,2,0.05472683906555176
1739648711,shallow_40,939,2,0.05275440216064453
1739648716,shallow_40,940,2,0.055744171142578125
1739648721,shallow_40,941,2,0.0457766056060791
1739648772,shallow_40,942,2,0.08668947219848633
1739648777,shallow_40,943,2,0.06709671020507812
1739648782,shallow_40,944,2,0.05242013931274414
1739648787,shallow_40,945,2,0.06092524528503418
1739648792,shallow_40,946,2,0.06487631797790527
1739648797,deep_40,947,1,0.1077427864074707
1739648802,deep_40,948,1,0.05725383758544922
1739648807,deep_40,949,1,0.05819559097290039
1739648812,deep_40,950,1,0.05177187919616699
1739648817,deep_40,951,1,0.05873560905456543
1739648822,deep_40,952,1,0.04979109764099121
1739648827,deep_40,953,1,0.07677483558654785
1739648832,deep_40,954,1,0.06077432632446289
1739648837,deep_40,955,1,0.054903268814086914
1739648943,shallow_40,956,2,0.0817258358001709
1739648948,shallow_40,957,2,0.04679274559020996
1739648953,shallow_40,958,2,0.052207231521606445
1739648958,shallow_40,959,2,0.06172943115234375
1739648963,shallow_40,960,2,0.07265448570251465
1739648968,shallow_40,961,2,0.05441093444824219
1739648973,shallow_40,962,2,0.055757999420166016
1739648978,shallow_40,963,2,0.05626654624938965
1739648983,shallow_40,964,2,0.05574464797973633
1739648988,shallow_40,965,2,0.05315518379211426
1739648993,shallow_40,966,2,0.050801992416381836
1739648998,shallow_40,967,2,0.06174898147583008
1739649003,shallow_40,968,2,0.056745052337646484
1739649008,shallow_40,969,2,0.06392788887023926
1739649013,shallow_40,970,2,0.04874420166015625
1739649018,shallow_40,971,2,0.07626032829284668
1739649023,shallow_40,972,2,0.0527496337890625
1739649028,shallow_40,973,2,0.06778192520141602
1739649033,shallow_40,974,2,0.060758352279663086
1739649038,shallow_40,975,2,0.06881904602050781
1739649043,shallow_40,976,2,0.06668782234191895
1739649048,shallow_40,977,2,0.05381631851196289
1739649053,shallow_40,978,2,0.07867908477783203
1739649058,shallow_40,979,2,0.07069206237792969
1739649063,shallow_40,980,2,0.06777667999267578
1739649068,shallow_40,981,2,0.04983091354370117
1739649073,shallow_40,982,2,0.06570625305175781
1739649078,shallow_40,983,2,0.055770158767700195
1739649083,shallow_40,984,2,0.04993081092834473
1739649088,shallow_40,985,2,0.06272196769714355
1739649093,shallow_40,986,2,0.06470465660095215
1739649098,shallow_40,987,2,0.054753780364990234
1739649103,shallow_40,988,2,0.05083894729614258
1739649108,shallow_40,989,2,0.04879283905029297
1739649113,shallow_40,990,2,0.06176304817199707
1739649118,shallow_40,991,2,0.047774314880371094
1739649123,deep_40,992,1,0.10174727439880371
1739649128,deep_40,993,1,0.0758059024810791
1739649133,deep_40,994,1,0.0700235366821289
1739649138,deep_40,995,1,0.06576323509216309
1739649143,deep_40,996,1,0.06081676483154297
1739649148,deep_40,997,1,0.05574440956115723
1739649153,deep_40,998,1,0.07141256332397461
